active_connections,async_operations,avg_bytes_per_message,avg_connection_duration_ms,avg_operation_time_us,avg_spawn_time_us,config_implementation,config_language,config_max_connections,config_message_size_kb,config_messages_per_client,config_num_clients,config_num_threads,connection_rate,cpu_usage_percent,error_message,execution_time_seconds,memory_usage_mb,messages_per_connection,messages_per_second,operations_per_second,peak_connections,run_number,stderr_output,success,system_architecture,system_cpu_count,system_cpu_freq_mhz,system_memory_gb,system_os_name,system_os_version,system_python_version,task_spawns,tasks_per_second,throughput_mbps,timestamp,total_bytes,total_connections,total_messages
0,500,37.6,123.06,180.83,151.19,async,rust,100,0,50,10,1,43.99,15.3,,0.5032689571380615,5754.46875,50.0,2199.28,2196.43,10,1,,True,arm64,8,3204,16.0,Darwin,23.5.0,3.13.4,20,87.86,0.08,2025-06-09T23:32:46.971661,18800,10,500
0,500,37.6,120.27,173.02,145.95,async,rust,100,0,50,10,1,44.75,19.5,,0.5525720119476318,5695.859375,50.0,2237.42,2235.97,10,2,,True,arm64,8,3204,16.0,Darwin,23.5.0,3.13.4,20,89.44,0.08,2025-06-09T23:32:48.586098,18800,10,500
6,500,37.6,49.67,179.75,152.76,async,rust,100,0,50,10,1,44.16,17.5,,0.5135290622711182,5767.625,20.0,883.27,2206.67,10,3,,True,arm64,8,3204,16.0,Darwin,23.5.0,3.13.4,20,88.27,0.03,2025-06-09T23:32:50.201407,7520,10,200
0,500,37.6,68.381,127.097,251.777,threaded,cpp,100,0,50,10,1,56.933,9.8,,0.18966197967529297,5788.75,50.0,2846.65,2846.44,10,1,,True,arm64,8,3204,16.0,Darwin,23.5.0,3.13.4,20,113.858,0.102076,2025-06-09T23:32:51.810374,18800,10,500
0,500,37.6,71.7853,158.123,90.1666,threaded,cpp,100,0,50,10,1,56.0793,10.1,,0.1917409896850586,5765.265625,50.0,2803.96,2803.54,10,2,,True,arm64,8,3204,16.0,Darwin,23.5.0,3.13.4,20,112.142,0.100545,2025-06-09T23:32:53.424460,18800,10,500
0,500,37.6,68.3051,111.943,60.5271,threaded,cpp,100,0,50,10,1,58.5614,56.9,,0.17866086959838867,5980.390625,50.0,2928.07,2927.74,10,3,,True,arm64,8,3204,16.0,Darwin,23.5.0,3.13.4,20,117.11,0.104995,2025-06-09T23:32:55.032631,18800,10,500
0,500,47.6,81.0443,257.293,352.458,async,cpp,100,0,50,10,1,52.5276,75.9,,0.19933819770812988,6014.765625,50.0,2626.38,2625.98,10,1,,True,arm64,8,3204,16.0,Darwin,23.5.0,3.13.4,20,105.039,0.119224,2025-06-09T23:32:56.641656,23800,10,500
0,500,47.6,67.0968,116.758,219.798,async,cpp,100,0,50,10,1,57.4541,17.5,,0.18437504768371582,5742.46875,50.0,2872.7,2872.52,10,2,,True,arm64,8,3204,16.0,Darwin,23.5.0,3.13.4,20,114.901,0.130406,2025-06-09T23:32:58.257105,23800,10,500
0,500,47.6,82.8887,299.741,80.2105,async,cpp,100,0,50,10,1,52.4049,17.9,,0.20055198669433594,5757.796875,50.0,2620.24,2619.94,10,3,,True,arm64,8,3204,16.0,Darwin,23.5.0,3.13.4,20,104.798,0.118946,2025-06-09T23:32:59.870614,23800,10,500
0,500,37.6,119.52,116.94,134.33,async,rust,100,0,50,10,2,44.98,38.1,,0.5221412181854248,5743.1875,50.0,2249.02,2247.9,10,1,,True,arm64,8,3204,16.0,Darwin,23.5.0,3.13.4,20,89.92,0.08,2025-06-09T23:33:01.484963,18800,10,500
3,500,37.6,83.97,143.68,101.2,async,rust,100,0,50,10,2,44.74,28.0,,0.5721931457519531,5768.671875,35.0,1565.78,2235.4,10,2,,True,arm64,8,3204,16.0,Darwin,23.5.0,3.13.4,20,89.42,0.06,2025-06-09T23:33:03.099529,13160,10,350
1,500,37.6,106.97,143.04,110.4,async,rust,100,0,50,10,2,44.78,20.5,,0.5663161277770996,5841.46875,45.0,2015.27,2237.68,10,3,,True,arm64,8,3204,16.0,Darwin,23.5.0,3.13.4,20,89.51,0.07,2025-06-09T23:33:04.711804,16920,10,450
0,500,37.6,69.1571,117.604,42.8228,threaded,cpp,100,0,50,10,2,56.7244,25.0,,0.1863420009613037,5735.953125,50.0,2836.22,2835.67,10,1,,True,arm64,8,3204,16.0,Darwin,23.5.0,3.13.4,20,113.427,0.101702,2025-06-09T23:33:06.324719,18800,10,500
0,500,37.6,70.83,151.401,148.848,threaded,cpp,100,0,50,10,2,56.2155,8.7,,0.18952012062072754,5743.234375,50.0,2810.77,2810.01,10,2,,True,arm64,8,3204,16.0,Darwin,23.5.0,3.13.4,20,112.401,0.100789,2025-06-09T23:33:07.935099,18800,10,500
0,500,37.6,67.113,90.9047,57.2397,threaded,cpp,100,0,50,10,2,57.7414,46.8,,0.1809988021850586,5780.578125,50.0,2887.07,2886.75,10,3,,True,arm64,8,3204,16.0,Darwin,23.5.0,3.13.4,20,115.47,0.103525,2025-06-09T23:33:09.540196,18800,10,500
0,500,47.6,65.1267,100.445,34.4665,async,cpp,100,0,50,10,2,58.2822,34.1,,0.18044686317443848,5769.109375,50.0,2914.11,2913.74,10,1,,True,arm64,8,3204,16.0,Darwin,23.5.0,3.13.4,20,116.549,0.132286,2025-06-09T23:33:11.147008,23800,10,500
0,500,47.6,66.3843,95.7851,59.4875,async,cpp,100,0,50,10,2,59.2705,36.8,,0.1764822006225586,5719.953125,50.0,2963.52,2963.16,10,2,,True,arm64,8,3204,16.0,Darwin,23.5.0,3.13.4,20,118.526,0.134529,2025-06-09T23:33:12.758920,23800,10,500
0,500,47.6,106.491,497.527,821.583,async,cpp,100,0,50,10,2,43.1451,95.3,,0.24144220352172852,5767.296875,50.0,2157.26,2157.04,10,3,,True,arm64,8,3204,16.0,Darwin,23.5.0,3.13.4,20,86.2816,0.0979284,2025-06-09T23:33:14.374669,23800,10,500
0,500,37.6,117.84,114.87,144.27,async,rust,100,0,50,10,4,45.39,52.4,,0.5493803024291992,5741.828125,50.0,2269.68,2266.19,10,1,,True,arm64,8,3204,16.0,Darwin,23.5.0,3.13.4,20,90.65,0.08,2025-06-09T23:33:15.994016,18800,10,500
0,500,37.6,122.56,155.14,59.29,async,rust,100,0,50,10,4,44.02,27.2,,0.4969921112060547,5571.390625,50.0,2201.11,2200.11,10,2,,True,arm64,8,3204,16.0,Darwin,23.5.0,3.13.4,20,88.0,0.08,2025-06-09T23:33:17.610550,18800,10,500
0,500,37.6,116.35,135.58,65.92,async,rust,100,0,50,10,4,44.9,24.7,,0.5345118045806885,5454.53125,50.0,2244.87,2243.37,10,3,,True,arm64,8,3204,16.0,Darwin,23.5.0,3.13.4,20,89.73,0.08,2025-06-09T23:33:19.215103,18800,10,500
0,500,37.6,68.6552,119.178,111.983,threaded,cpp,100,0,50,10,4,56.9346,12.3,,0.18688702583312988,5429.0625,50.0,2846.73,2845.97,10,1,,True,arm64,8,3204,16.0,Darwin,23.5.0,3.13.4,20,113.839,0.102079,2025-06-09T23:33:20.826302,18800,10,500
0,500,37.6,73.1264,166.325,83.748,threaded,cpp,100,0,50,10,4,56.1542,22.6,,0.19034790992736816,5469.953125,50.0,2807.71,2807.32,10,2,,True,arm64,8,3204,16.0,Darwin,23.5.0,3.13.4,20,112.293,0.100679,2025-06-09T23:33:22.440690,18800,10,500
0,500,37.6,69.2118,146.492,31.1772,threaded,cpp,100,0,50,10,4,57.3796,16.5,,0.18067598342895508,5440.59375,50.0,2868.98,2868.58,10,3,,True,arm64,8,3204,16.0,Darwin,23.5.0,3.13.4,20,114.743,0.102876,2025-06-09T23:33:24.056112,18800,10,500
0,500,47.6,68.3892,118.066,66.7397,async,cpp,100,0,50,10,4,57.2037,15.5,,0.18474388122558594,5457.328125,50.0,2860.18,2859.72,10,1,,True,arm64,8,3204,16.0,Darwin,23.5.0,3.13.4,20,114.389,0.129838,2025-06-09T23:33:25.663846,23800,10,500
0,500,47.6,66.7834,102.925,67.8251,async,cpp,100,0,50,10,4,57.7511,14.3,,0.18402504920959473,5527.96875,50.0,2887.55,2887.1,10,2,,True,arm64,8,3204,16.0,Darwin,23.5.0,3.13.4,20,115.484,0.13108,2025-06-09T23:33:27.274629,23800,10,500
0,500,47.6,66.6762,87.5326,51.8314,async,cpp,100,0,50,10,4,57.7104,25.6,,0.17823290824890137,5524.625,50.0,2885.52,2885.15,10,3,,True,arm64,8,3204,16.0,Darwin,23.5.0,3.13.4,20,115.406,0.130988,2025-06-09T23:33:28.886492,23800,10,500
0,500,37.6,119.65,120.91,44.83,async,rust,100,0,50,10,8,44.85,43.4,,0.4899880886077881,5477.609375,50.0,2242.63,2238.96,10,1,,True,arm64,8,3204,16.0,Darwin,23.5.0,3.13.4,20,89.56,0.08,2025-06-09T23:33:30.498313,18800,10,500
0,500,37.6,116.19,131.62,74.76,async,rust,100,0,50,10,8,45.65,15.2,,0.4936378002166748,5462.5625,50.0,2282.61,2280.95,10,2,,True,arm64,8,3204,16.0,Darwin,23.5.0,3.13.4,20,91.24,0.08,2025-06-09T23:33:32.111430,18800,10,500
0,500,37.6,121.59,142.94,52.51,async,rust,100,0,50,10,8,44.25,34.1,,0.5047826766967773,5382.703125,50.0,2212.6,2211.01,10,3,,True,arm64,8,3204,16.0,Darwin,23.5.0,3.13.4,20,88.44,0.08,2025-06-09T23:33:33.724601,18800,10,500
0,500,37.6,68.4292,116.93,60.6668,threaded,cpp,100,0,50,10,8,58.0912,25.6,,0.18205881118774414,5452.96875,50.0,2904.56,2904.24,10,1,,True,arm64,8,3204,16.0,Darwin,23.5.0,3.13.4,20,116.17,0.104152,2025-06-09T23:33:35.340778,18800,10,500
0,500,37.6,81.4695,249.202,75.6104,threaded,cpp,100,0,50,10,8,54.5447,37.5,,0.19117403030395508,5401.84375,50.0,2727.23,2727.07,10,2,,True,arm64,8,3204,16.0,Darwin,23.5.0,3.13.4,20,109.083,0.0977935,2025-06-09T23:33:36.951905,18800,10,500
0,500,37.6,71.1847,93.2838,63.9042,threaded,cpp,100,0,50,10,8,57.2528,74.4,,0.19927310943603516,5308.5625,50.0,2862.64,2862.29,10,3,,True,arm64,8,3204,16.0,Darwin,23.5.0,3.13.4,20,114.492,0.102649,2025-06-09T23:33:38.562959,18800,10,500
0,500,47.6,67.4009,108.892,52.1542,async,cpp,100,0,50,10,8,57.5447,28.7,,0.18364787101745605,5199.390625,50.0,2877.23,2876.46,10,1,,True,arm64,8,3204,16.0,Darwin,23.5.0,3.13.4,20,115.058,0.130612,2025-06-09T23:33:40.183331,23800,10,500
0,500,47.6,66.2185,97.8167,34.7709,async,cpp,100,0,50,10,8,59.2101,96.6,,0.2583889961242676,5271.25,50.0,2960.51,2957.65,10,2,,True,arm64,8,3204,16.0,Darwin,23.5.0,3.13.4,20,118.306,0.134392,2025-06-09T23:33:41.795625,23800,10,500
0,500,47.6,68.4317,99.8747,49.723,async,cpp,100,0,50,10,8,58.7206,25.9,,0.17923998832702637,5260.25,50.0,2936.03,2935.65,10,3,,True,arm64,8,3204,16.0,Darwin,23.5.0,3.13.4,20,117.426,0.133281,2025-06-09T23:33:43.414266,23800,10,500
2,2500,2048.0,316.74,755.31,253.9,async,rust,200,1,100,25,1,55.11,49.7,,0.7085971832275391,5250.0859375,92.0,5069.86,5505.68,25,1,,True,arm64,8,3204,16.0,Darwin,23.5.0,3.13.4,50,110.11,9.9,2025-06-09T23:33:45.028775,4710400,25,2300
0,2500,2048.0,325.54,606.06,194.75,async,rust,200,1,100,25,1,57.26,23.2,,0.7442967891693115,5206.6796875,100.0,5726.34,5724.48,25,2,,True,arm64,8,3204,16.0,Darwin,23.5.0,3.13.4,50,114.49,11.18,2025-06-09T23:33:47.248980,5120000,25,2500
0,2500,2048.0,339.35,622.12,205.4,async,rust,200,1,100,25,1,55.8,27.65,,0.7481846809387207,5238.2109375,100.0,5580.34,5578.45,25,3,,True,arm64,8,3204,16.0,Darwin,23.5.0,3.13.4,50,111.57,10.9,2025-06-09T23:33:49.472066,5120000,25,2500
0,2500,2048.0,142.926,176.615,28.5017,threaded,cpp,200,1,100,25,1,99.7861,51.9,,0.2587399482727051,5209.0,100.0,9978.61,9977.77,25,1,,True,arm64,8,3204,16.0,Darwin,23.5.0,3.13.4,50,199.555,19.4895,2025-06-09T23:33:51.692910,5120000,25,2500
0,2500,2048.0,175.927,363.951,103.141,threaded,cpp,200,1,100,25,1,88.2902,12.3,,0.291334867477417,5239.953125,100.0,8829.02,8828.24,25,2,,True,arm64,8,3204,16.0,Darwin,23.5.0,3.13.4,50,176.565,17.2442,2025-06-09T23:33:53.306846,5120000,25,2500
0,2500,2048.0,164.55,295.402,59.4174,threaded,cpp,200,1,100,25,1,91.5674,18.8,,0.28339672088623047,5212.078125,100.0,9156.74,9155.23,25,3,,True,arm64,8,3204,16.0,Darwin,23.5.0,3.13.4,50,183.105,17.8843,2025-06-09T23:33:54.923779,5120000,25,2500
0,2500,2048.0,157.468,246.62,47.7151,async,cpp,200,1,100,25,1,94.582,29.4,,0.2726306915283203,5226.28125,100.0,9458.2,9456.84,25,1,,True,arm64,8,3204,16.0,Darwin,23.5.0,3.13.4,50,189.137,18.473,2025-06-09T23:33:56.533078,5120000,25,2500
0,2500,2048.0,147.536,182.497,79.4385,async,cpp,200,1,100,25,1,97.6593,14.6,,0.26359987258911133,5184.765625,100.0,9765.93,9764.94,25,2,,True,arm64,8,3204,16.0,Darwin,23.5.0,3.13.4,50,195.299,19.0741,2025-06-09T23:33:58.147439,5120000,25,2500
0,2500,2048.0,172.403,231.664,129.804,async,cpp,200,1,100,25,1,88.924,30.9,,0.28943490982055664,5245.546875,100.0,8892.4,8891.32,25,3,,True,arm64,8,3204,16.0,Darwin,23.5.0,3.13.4,50,177.826,17.368,2025-06-09T23:33:59.759372,5120000,25,2500
0,2500,2048.0,296.46,449.0,192.21,async,rust,200,1,100,25,2,61.76,33.8,,0.707805871963501,5250.890625,100.0,6176.03,6170.28,25,1,,True,arm64,8,3204,16.0,Darwin,23.5.0,3.13.4,50,123.41,12.06,2025-06-09T23:34:01.369612,5120000,25,2500
0,2500,2048.0,281.52,370.55,127.78,async,rust,200,1,100,25,2,64.29,59.6,,0.7989170551300049,5233.21875,100.0,6429.34,6427.41,25,2,,True,arm64,8,3204,16.0,Darwin,23.5.0,3.13.4,50,128.55,12.56,2025-06-09T23:34:03.595855,5120000,25,2500
0,2500,2048.0,291.04,483.99,198.9,async,rust,200,1,100,25,2,61.9,10.5,,0.7168681621551514,5258.1796875,100.0,6189.73,6187.9,25,3,,True,arm64,8,3204,16.0,Darwin,23.5.0,3.13.4,50,123.76,12.09,2025-06-09T23:34:05.849698,5120000,25,2500
0,2500,2048.0,161.893,274.359,141.665,threaded,cpp,200,1,100,25,2,92.0397,32.1,,0.28292107582092285,5353.0625,100.0,9203.97,9203.36,25,1,,True,arm64,8,3204,16.0,Darwin,23.5.0,3.13.4,50,184.067,17.9765,2025-06-09T23:34:08.067716,5120000,25,2500
0,2500,2048.0,167.495,,140.642,threaded,cpp,200,1,100,25,2,92.347,25.6,,0.27780604362487793,5305.53125,100.0,9234.7,9233.85,25,2,,True,arm64,8,3204,16.0,Darwin,23.5.0,3.13.4,50,184.677,18.0365,2025-06-09T23:34:09.680498,5120000,25,2500
0,2500,2048.0,160.969,268.845,122.867,threaded,cpp,200,1,100,25,2,92.2891,16.7,,0.2779421806335449,5299.65625,100.0,9228.91,9228.23,25,3,,True,arm64,8,3204,16.0,Darwin,23.5.0,3.13.4,50,184.565,18.0252,2025-06-09T23:34:11.289386,5120000,25,2500
0,2500,2048.0,143.391,206.489,22.5524,async,cpp,200,1,100,25,2,99.6715,28.4,,0.26191186904907227,5306.53125,100.0,9967.15,9966.19,25,1,,True,arm64,8,3204,16.0,Darwin,23.5.0,3.13.4,50,199.324,19.4671,2025-06-09T23:34:12.896555,5120000,25,2500
0,2500,2048.0,158.026,225.717,199.32,async,cpp,200,1,100,25,2,93.6151,32.1,,0.2745368480682373,5283.734375,100.0,9361.51,9360.39,25,2,,True,arm64,8,3204,16.0,Darwin,23.5.0,3.13.4,50,187.208,18.2842,2025-06-09T23:34:14.513142,5120000,25,2500
0,2500,2048.0,164.796,272.76,243.502,async,cpp,200,1,100,25,2,92.3631,15.5,,0.27952003479003906,5290.328125,100.0,9236.31,9235.52,25,3,,True,arm64,8,3204,16.0,Darwin,23.5.0,3.13.4,50,184.71,18.0397,2025-06-09T23:34:16.125527,5120000,25,2500
0,2500,2048.0,290.11,377.72,124.22,async,rust,200,1,100,25,4,62.8,20.9,,0.7128617763519287,5302.078125,100.0,6280.34,6275.68,25,1,,True,arm64,8,3204,16.0,Darwin,23.5.0,3.13.4,50,125.51,12.27,2025-06-09T23:34:17.741064,5120000,25,2500
0,2500,2048.0,275.63,335.98,127.2,async,rust,200,1,100,25,4,64.82,24.6,,0.6848070621490479,5298.6640625,100.0,6481.82,6479.93,25,2,,True,arm64,8,3204,16.0,Darwin,23.5.0,3.13.4,50,129.6,12.66,2025-06-09T23:34:19.960721,5120000,25,2500
0,2500,2048.0,278.74,364.73,123.63,async,rust,200,1,100,25,4,63.91,25.05,,0.713813066482544,5316.59375,100.0,6391.3,6389.18,25,3,,True,arm64,8,3204,16.0,Darwin,23.5.0,3.13.4,50,127.78,12.48,2025-06-09T23:34:22.184262,5120000,25,2500
0,2500,2048.0,164.306,292.742,113.453,threaded,cpp,200,1,100,25,4,91.8183,29.6,,0.28133392333984375,5320.796875,100.0,9181.83,9181.15,25,1,,True,arm64,8,3204,16.0,Darwin,23.5.0,3.13.4,50,183.623,17.9333,2025-06-09T23:34:24.411618,5120000,25,2500
4,2500,2048.0,188.191,565.489,161.129,threaded,cpp,200,1,100,25,4,75.7631,56.4,,0.3392369747161865,5302.6875,84.0,6364.1,7575.37,25,2,,True,arm64,8,3204,16.0,Darwin,23.5.0,3.13.4,50,151.507,12.4299,2025-06-09T23:34:26.025289,4300800,25,2100
0,2500,2048.0,166.267,299.095,464.118,threaded,cpp,200,1,100,25,4,90.2475,17.3,,0.2870750427246094,5274.59375,100.0,9024.75,9022.76,25,3,,True,arm64,8,3204,16.0,Darwin,23.5.0,3.13.4,50,180.455,17.6265,2025-06-09T23:34:27.637501,5120000,25,2500
0,2500,2048.0,152.692,197.59,121.801,async,cpp,200,1,100,25,4,95.2352,17.4,,0.27498793601989746,5279.84375,100.0,9523.52,9522.72,25,1,,True,arm64,8,3204,16.0,Darwin,23.5.0,3.13.4,50,190.454,18.6006,2025-06-09T23:34:29.250218,5120000,25,2500
0,2500,2048.0,154.369,203.544,229.916,async,cpp,200,1,100,25,4,94.7742,12.3,,0.27390098571777344,5325.5,100.0,9477.42,9476.41,25,2,,True,arm64,8,3204,16.0,Darwin,23.5.0,3.13.4,50,189.528,18.5106,2025-06-09T23:34:30.866172,5120000,25,2500
0,2500,2048.0,149.101,183.17,80.4817,async,cpp,200,1,100,25,4,97.3092,24.1,,0.2650141716003418,5317.796875,100.0,9730.92,9729.94,25,3,,True,arm64,8,3204,16.0,Darwin,23.5.0,3.13.4,50,194.599,19.0057,2025-06-09T23:34:32.480467,5120000,25,2500
0,2500,2048.0,262.95,261.3,101.58,async,rust,200,1,100,25,8,66.92,14.2,,0.6707720756530762,5339.34375,100.0,6692.5,6688.53,25,1,,True,arm64,8,3204,16.0,Darwin,23.5.0,3.13.4,50,133.77,13.07,2025-06-09T23:34:34.089856,5120000,25,2500
0,2500,2048.0,266.71,297.2,172.74,async,rust,200,1,100,25,8,66.98,25.15,,0.702246904373169,5327.640625,100.0,6698.47,6696.19,25,2,,True,arm64,8,3204,16.0,Darwin,23.5.0,3.13.4,50,133.92,13.08,2025-06-09T23:34:36.311161,5120000,25,2500
0,2500,2048.0,272.18,319.1,107.82,async,rust,200,1,100,25,8,65.57,37.7,,0.684924840927124,5335.1328125,100.0,6556.64,6554.39,25,3,,True,arm64,8,3204,16.0,Darwin,23.5.0,3.13.4,50,131.09,12.81,2025-06-09T23:34:38.530200,5120000,25,2500
0,2500,2048.0,172.156,337.889,101.554,threaded,cpp,200,1,100,25,8,89.0669,21.2,,0.29020190238952637,5333.890625,100.0,8906.69,8905.92,25,1,,True,arm64,8,3204,16.0,Darwin,23.5.0,3.13.4,50,178.118,17.3959,2025-06-09T23:34:40.750445,5120000,25,2500
0,2500,2048.0,169.552,317.589,46.725,threaded,cpp,200,1,100,25,8,89.9067,16.3,,0.2876877784729004,5347.953125,100.0,8990.67,8989.67,25,2,,True,arm64,8,3204,16.0,Darwin,23.5.0,3.13.4,50,179.793,17.5599,2025-06-09T23:34:42.363759,5120000,25,2500
0,2500,2048.0,191.804,416.659,498.8,threaded,cpp,200,1,100,25,8,83.6176,58.2,,0.3085050582885742,5309.484375,100.0,8361.76,8361.2,25,3,,True,arm64,8,3204,16.0,Darwin,23.5.0,3.13.4,50,167.224,16.3316,2025-06-09T23:34:43.824013,5120000,25,2500
0,2500,2048.0,160.856,250.848,41.5526,async,cpp,200,1,100,25,8,92.0251,22.0,,0.2810702323913574,5299.84375,100.0,9202.51,9201.66,25,1,,True,arm64,8,3204,16.0,Darwin,23.5.0,3.13.4,50,184.033,17.9737,2025-06-09T23:34:45.435341,5120000,25,2500
0,2500,2048.0,156.665,226.214,170.057,async,cpp,200,1,100,25,8,93.7625,12.3,,0.27436327934265137,5295.84375,100.0,9376.25,9375.3,25,2,,True,arm64,8,3204,16.0,Darwin,23.5.0,3.13.4,50,187.506,18.313,2025-06-09T23:34:47.051327,5120000,25,2500
0,2500,2048.0,156.0,222.538,91.9517,async,cpp,200,1,100,25,8,94.0157,24.4,,0.274442195892334,5309.9375,100.0,9401.57,9400.09,25,3,,True,arm64,8,3204,16.0,Darwin,23.5.0,3.13.4,50,188.002,18.3624,2025-06-09T23:34:48.662781,5120000,25,2500
0,5000,39.4,293.63,644.14,550.42,async,rust,500,0,100,50,1,123.39,30.65,,0.6840498447418213,5324.3046875,100.0,12338.75,12330.18,50,1,,True,arm64,8,3204,16.0,Darwin,23.5.0,3.13.4,100,246.6,0.46,2025-06-09T23:34:50.269980,197000,50,5000
0,5000,39.4,296.25,649.5,478.32,async,rust,500,0,100,50,1,121.12,14.45,,0.7443957328796387,5325.921875,100.0,12112.19,12108.9,50,2,,True,arm64,8,3204,16.0,Darwin,23.5.0,3.13.4,100,242.18,0.46,2025-06-09T23:34:52.490057,197000,50,5000
0,5000,39.4,294.44,654.96,501.39,async,rust,500,0,100,50,1,122.8,25.35,,0.7255430221557617,5315.234375,100.0,12279.61,12275.02,50,3,,True,arm64,8,3204,16.0,Darwin,23.5.0,3.13.4,100,245.5,0.46,2025-06-09T23:34:54.712398,197000,50,5000
1,5000,39.3918,141.754,240.079,43.465,threaded,cpp,500,0,100,50,1,197.106,18.7,,0.2586948871612549,5315.921875,98.0,19316.4,19707.4,50,1,,True,arm64,8,3204,16.0,Darwin,23.5.0,3.13.4,100,394.148,0.72566,2025-06-09T23:34:56.935324,193020,50,4900
0,5000,39.4,159.106,287.793,88.3824,threaded,cpp,500,0,100,50,1,186.078,23.5,,0.27643895149230957,5293.921875,100.0,18607.8,18606.1,50,2,,True,arm64,8,3204,16.0,Darwin,23.5.0,3.13.4,100,372.122,0.699183,2025-06-09T23:34:58.548493,197000,50,5000
0,5000,39.4,155.74,321.987,613.171,threaded,cpp,500,0,100,50,1,187.741,45.6,,0.27443981170654297,5343.796875,100.0,18774.1,18772.4,50,3,,True,arm64,8,3204,16.0,Darwin,23.5.0,3.13.4,100,375.449,0.705433,2025-06-09T23:35:00.163010,197000,50,5000
0,5000,49.4,136.115,183.78,81.7787,async,cpp,500,0,100,50,1,205.57,50.6,,0.25351786613464355,5265.703125,100.0,20557.0,20555.7,50,1,,True,arm64,8,3204,16.0,Darwin,23.5.0,3.13.4,100,411.115,0.968472,2025-06-09T23:35:01.776926,247000,50,5000
0,5000,49.4,190.318,573.611,11049.8,async,cpp,500,0,100,50,1,142.815,71.1,,0.3606131076812744,5283.484375,100.0,14281.5,14280.8,50,2,,True,arm64,8,3204,16.0,Darwin,23.5.0,3.13.4,100,285.616,0.672822,2025-06-09T23:35:03.388163,247000,50,5000
0,5000,49.4,149.266,235.673,305.156,async,cpp,500,0,100,50,1,193.012,38.7,,0.26846909523010254,5317.90625,100.0,19301.2,19299.9,50,3,,True,arm64,8,3204,16.0,Darwin,23.5.0,3.13.4,100,385.998,0.90931,2025-06-09T23:35:05.069337,247000,50,5000
0,5000,39.4,285.76,491.48,246.29,async,rust,500,0,100,50,2,124.89,45.55,,0.7155468463897705,5305.4140625,100.0,12488.8,12480.45,50,1,,True,arm64,8,3204,16.0,Darwin,23.5.0,3.13.4,100,249.61,0.47,2025-06-09T23:35:06.680229,197000,50,5000
0,5000,39.4,296.44,535.9,327.7,async,rust,500,0,100,50,2,123.26,16.25,,0.7291359901428223,5330.8359375,100.0,12326.12,12322.57,50,2,,True,arm64,8,3204,16.0,Darwin,23.5.0,3.13.4,100,246.45,0.46,2025-06-09T23:35:08.906060,197000,50,5000
0,5000,39.4,290.84,557.71,339.3,async,rust,500,0,100,50,2,125.68,31.1,,0.7247340679168701,5325.6640625,100.0,12567.94,12564.28,50,3,,True,arm64,8,3204,16.0,Darwin,23.5.0,3.13.4,100,251.29,0.47,2025-06-09T23:35:11.127755,197000,50,5000
0,5000,39.4,151.137,263.197,518.943,threaded,cpp,500,0,100,50,2,192.499,18.8,,0.2684609889984131,5336.984375,100.0,19249.9,19248.1,50,1,,True,arm64,8,3204,16.0,Darwin,23.5.0,3.13.4,100,384.962,0.723312,2025-06-09T23:35:13.349823,197000,50,5000
0,5000,39.4,157.427,309.752,369.636,threaded,cpp,500,0,100,50,2,188.163,22.5,,0.27452588081359863,5329.171875,100.0,18816.3,18814.6,50,2,,True,arm64,8,3204,16.0,Darwin,23.5.0,3.13.4,100,376.292,0.707018,2025-06-09T23:35:14.966307,197000,50,5000
0,5000,39.4,150.726,261.556,231.201,threaded,cpp,500,0,100,50,2,193.098,34.2,,0.26689887046813965,5344.734375,100.0,19309.8,19308.3,50,3,,True,arm64,8,3204,16.0,Darwin,23.5.0,3.13.4,100,386.166,0.725561,2025-06-09T23:35:16.575977,197000,50,5000
0,5000,49.4,150.17,223.142,538.855,async,cpp,500,0,100,50,2,191.18,22.2,,0.2713139057159424,5347.125,100.0,19118.0,19116.1,50,1,,True,arm64,8,3204,16.0,Darwin,23.5.0,3.13.4,100,382.323,0.90068,2025-06-09T23:35:18.187341,247000,50,5000
0,5000,49.4,155.501,247.862,250.604,async,cpp,500,0,100,50,2,188.978,17.3,,0.27335071563720703,5305.46875,100.0,18897.8,18894.1,50,2,,True,arm64,8,3204,16.0,Darwin,23.5.0,3.13.4,100,377.882,0.890304,2025-06-09T23:35:19.802446,247000,50,5000
0,5000,49.4,149.192,231.731,127.544,async,cpp,500,0,100,50,2,193.337,19.5,,0.26665186882019043,5349.625,100.0,19333.7,19331.7,50,3,,True,arm64,8,3204,16.0,Darwin,23.5.0,3.13.4,100,386.635,0.910839,2025-06-09T23:35:21.414952,247000,50,5000
0,5000,39.4,281.37,495.44,249.72,async,rust,500,0,100,50,4,126.36,36.05,,0.7137463092803955,5359.5546875,100.0,12636.25,12632.09,50,1,,True,arm64,8,3204,16.0,Darwin,23.5.0,3.13.4,100,252.64,0.47,2025-06-09T23:35:23.022947,197000,50,5000
0,5000,39.4,286.22,481.98,245.66,async,rust,500,0,100,50,4,124.64,33.599999999999994,,0.7066340446472168,5313.8515625,100.0,12464.28,12460.41,50,2,,True,arm64,8,3204,16.0,Darwin,23.5.0,3.13.4,100,249.21,0.47,2025-06-09T23:35:25.248725,197000,50,5000
0,5000,39.4,278.82,403.49,263.9,async,rust,500,0,100,50,4,127.88,23.05,,0.7125828266143799,5293.0390625,100.0,12788.41,12784.96,50,3,,True,arm64,8,3204,16.0,Darwin,23.5.0,3.13.4,100,255.7,0.48,2025-06-09T23:35:27.464591,197000,50,5000
0,5000,39.4,145.62,256.347,330.954,threaded,cpp,500,0,100,50,4,195.39,18.3,,0.26668524742126465,5300.703125,100.0,19539.0,19537.1,50,1,,True,arm64,8,3204,16.0,Darwin,23.5.0,3.13.4,100,390.743,0.734175,2025-06-09T23:35:29.690443,197000,50,5000
0,5000,39.4,161.898,319.74,314.524,threaded,cpp,500,0,100,50,4,183.561,16.0,,0.28117990493774414,5328.65625,100.0,18356.1,18355.1,50,2,,True,arm64,8,3204,16.0,Darwin,23.5.0,3.13.4,100,367.102,0.689726,2025-06-09T23:35:31.303057,197000,50,5000
0,5000,39.4,157.019,300.654,115.695,threaded,cpp,500,0,100,50,4,188.33,16.3,,0.27443909645080566,5324.375,100.0,18833.0,18831.3,50,3,,True,arm64,8,3204,16.0,Darwin,23.5.0,3.13.4,100,376.625,0.707647,2025-06-09T23:35:32.915675,197000,50,5000
0,5000,49.4,164.921,281.861,91.8792,async,cpp,500,0,100,50,4,183.938,43.9,,0.2788820266723633,5342.9375,100.0,18393.8,18393.0,50,1,,True,arm64,8,3204,16.0,Darwin,23.5.0,3.13.4,100,367.859,0.866559,2025-06-09T23:35:34.530414,247000,50,5000
0,5000,49.4,146.734,236.206,118.013,async,cpp,500,0,100,50,4,195.207,16.0,,0.2660400867462158,5311.75,100.0,19520.7,19518.5,50,2,,True,arm64,8,3204,16.0,Darwin,23.5.0,3.13.4,100,390.37,0.919651,2025-06-09T23:35:36.139990,247000,50,5000
0,5000,49.4,153.179,253.023,165.92,async,cpp,500,0,100,50,4,189.912,19.0,,0.272536039352417,5326.1875,100.0,18991.2,18988.8,50,3,,True,arm64,8,3204,16.0,Darwin,23.5.0,3.13.4,100,379.776,0.894704,2025-06-09T23:35:37.751265,247000,50,5000
0,5000,39.4,278.58,450.72,219.98,async,rust,500,0,100,50,8,127.7,23.6,,0.7101209163665771,5367.6328125,100.0,12770.0,12756.71,50,1,,True,arm64,8,3204,16.0,Darwin,23.5.0,3.13.4,100,255.13,0.48,2025-06-09T23:35:39.361725,197000,50,5000
0,5000,39.4,246.64,283.32,216.87,async,rust,500,0,100,50,8,140.08,12.5,,0.6162519454956055,5343.7734375,100.0,14008.12,14003.95,50,2,,True,arm64,8,3204,16.0,Darwin,23.5.0,3.13.4,100,280.08,0.53,2025-06-09T23:35:41.586127,197000,50,5000
0,5000,39.4,278.59,445.85,253.04,async,rust,500,0,100,50,8,128.04,13.1,,0.7206900119781494,5345.25,100.0,12804.05,12800.52,50,3,,True,arm64,8,3204,16.0,Darwin,23.5.0,3.13.4,100,256.01,0.48,2025-06-09T23:35:43.803084,197000,50,5000
0,5000,39.4,162.374,322.232,312.291,threaded,cpp,500,0,100,50,8,180.772,19.3,,0.2884848117828369,5379.40625,100.0,18077.2,18075.9,50,1,,True,arm64,8,3204,16.0,Darwin,23.5.0,3.13.4,100,361.517,0.679245,2025-06-09T23:35:46.026268,197000,50,5000
0,5000,39.4,148.483,257.694,443.068,threaded,cpp,500,0,100,50,8,193.46,13.4,,0.26607513427734375,5355.46875,100.0,19346.0,19344.1,50,2,,True,arm64,8,3204,16.0,Darwin,23.5.0,3.13.4,100,386.882,0.726922,2025-06-09T23:35:47.639962,197000,50,5000
0,5000,39.4,149.36,247.257,81.862,threaded,cpp,500,0,100,50,8,193.972,16.3,,0.2657639980316162,5366.171875,100.0,19397.2,19395.3,50,3,,True,arm64,8,3204,16.0,Darwin,23.5.0,3.13.4,100,387.907,0.728846,2025-06-09T23:35:49.253407,197000,50,5000
0,5000,49.4,140.664,210.572,34.6724,async,cpp,500,0,100,50,8,203.461,19.5,,0.2509040832519531,5374.8125,100.0,20346.1,20344.2,50,1,,True,arm64,8,3204,16.0,Darwin,23.5.0,3.13.4,100,406.884,0.958537,2025-06-09T23:35:50.871719,247000,50,5000
0,5000,49.4,144.722,189.758,91.23,async,cpp,500,0,100,50,8,196.942,15.4,,0.26183605194091797,5374.984375,100.0,19694.2,19692.1,50,2,,True,arm64,8,3204,16.0,Darwin,23.5.0,3.13.4,100,393.842,0.927823,2025-06-09T23:35:52.482730,247000,50,5000
0,5000,49.4,146.06,204.721,65.048,async,cpp,500,0,100,50,8,195.607,15.7,,0.26790595054626465,5438.546875,100.0,19560.7,19558.5,50,3,,True,arm64,8,3204,16.0,Darwin,23.5.0,3.13.4,100,391.17,0.921533,2025-06-09T23:35:54.093041,247000,50,5000
0,5000,2048.0,502.32,4324.9,1021.43,async,rust,500,4,50,100,1,160.96,13.3,,0.8865461349487305,5413.5234375,200.0,32192.9,8043.55,100,1,,True,arm64,8,3204,16.0,Darwin,23.5.0,3.13.4,200,321.74,62.88,2025-06-09T23:35:55.707687,40960000,100,20000
34,5000,2048.0,344.6,4648.1,911.16,async,rust,500,4,50,100,1,156.28,23.6,,0.9300849437713623,5377.546875,132.0,20629.38,7812.65,100,2,,True,arm64,8,3204,16.0,Darwin,23.5.0,3.13.4,200,312.51,40.29,2025-06-09T23:35:57.925893,27033600,100,13200
53,5000,2048.0,233.8,4293.47,924.74,async,rust,500,4,50,100,1,161.54,22.55,,0.9424691200256348,5434.625,94.0,15184.71,8074.56,100,3,,True,arm64,8,3204,16.0,Darwin,23.5.0,3.13.4,200,322.98,29.66,2025-06-09T23:36:00.152816,19251200,100,9400
0,5000,2048.0,130.275,1048.75,290.195,threaded,cpp,500,4,50,100,1,409.105,21.5,,0.2543799877166748,5403.421875,200.0,81821.0,20454.2,100,1,,True,arm64,8,3204,16.0,Darwin,23.5.0,3.13.4,200,818.167,159.807,2025-06-09T23:36:02.376290,40960000,100,20000
0,5000,2048.0,128.801,1015.85,625.737,threaded,cpp,500,4,50,100,1,411.188,10.1,,0.2506217956542969,5496.359375,200.0,82237.5,20558.0,100,2,,True,arm64,8,3204,16.0,Darwin,23.5.0,3.13.4,200,822.321,160.62,2025-06-09T23:36:03.993746,40960000,100,20000
0,5000,2048.0,133.793,1074.93,678.841,threaded,cpp,500,4,50,100,1,407.373,16.0,,0.2542300224304199,5445.078125,200.0,81474.7,20367.4,100,3,,True,arm64,8,3204,16.0,Darwin,23.5.0,3.13.4,200,814.697,159.13,2025-06-09T23:36:05.605840,40960000,100,20000
0,5000,2048.0,134.566,1170.75,308.407,async,cpp,500,4,50,100,1,407.085,26.9,,0.2552032470703125,5436.8125,200.0,81417.0,20353.3,100,1,,True,arm64,8,3204,16.0,Darwin,23.5.0,3.13.4,200,814.13,159.018,2025-06-09T23:36:07.214580,40960000,100,20000
0,5000,2048.0,127.476,1090.17,471.505,async,cpp,500,4,50,100,1,410.983,27.7,,0.25333499908447266,5455.96875,200.0,82196.6,20547.8,100,2,,True,arm64,8,3204,16.0,Darwin,23.5.0,3.13.4,200,821.912,160.54,2025-06-09T23:36:08.827342,40960000,100,20000
0,5000,2048.0,136.44,1180.04,790.082,async,cpp,500,4,50,100,1,393.342,13.9,,0.26334524154663086,5413.671875,200.0,78668.3,19666.1,100,3,,True,arm64,8,3204,16.0,Darwin,23.5.0,3.13.4,200,786.643,153.649,2025-06-09T23:36:10.446974,40960000,100,20000
0,5000,2048.0,300.15,2179.31,609.83,async,rust,500,4,50,100,2,240.44,11.45,,0.6751949787139893,5406.3359375,200.0,48088.86,12001.81,100,1,,True,arm64,8,3204,16.0,Darwin,23.5.0,3.13.4,200,480.07,93.92,2025-06-09T23:36:12.057241,40960000,100,20000
1,5000,2048.0,308.09,2337.88,640.82,async,rust,500,4,50,100,2,234.69,18.85,,0.6862781047821045,5374.9140625,198.0,46469.15,11731.1,100,2,,True,arm64,8,3204,16.0,Darwin,23.5.0,3.13.4,200,469.24,90.76,2025-06-09T23:36:14.270486,40550400,100,19800
0,5000,2048.0,314.13,2379.88,637.42,async,rust,500,4,50,100,2,232.85,20.9,,0.6852059364318848,5383.09375,200.0,46569.86,11639.96,100,3,,True,arm64,8,3204,16.0,Darwin,23.5.0,3.13.4,200,465.6,90.96,2025-06-09T23:36:16.488807,40960000,100,20000
0,5000,2048.0,154.863,1231.54,303.731,threaded,cpp,500,4,50,100,2,376.632,20.0,,0.274993896484375,5399.96875,200.0,75326.4,18830.2,100,1,,True,arm64,8,3204,16.0,Darwin,23.5.0,3.13.4,200,753.208,147.122,2025-06-09T23:36:18.709815,40960000,100,20000
0,5000,2048.0,131.444,1026.41,868.176,threaded,cpp,500,4,50,100,2,403.154,15.0,,0.2573981285095215,5374.25,200.0,80630.9,20156.2,100,2,,True,arm64,8,3204,16.0,Darwin,23.5.0,3.13.4,200,806.247,157.482,2025-06-09T23:36:20.318943,40960000,100,20000
0,5000,2048.0,118.92,882.989,21.5413,threaded,cpp,500,4,50,100,2,426.299,19.0,,0.24101519584655762,5420.609375,200.0,85259.9,21313.9,100,3,,True,arm64,8,3204,16.0,Darwin,23.5.0,3.13.4,200,852.555,166.523,2025-06-09T23:36:21.931980,40960000,100,20000
0,5000,2048.0,128.475,1086.03,245.109,async,cpp,500,4,50,100,2,411.914,16.9,,0.25132107734680176,5442.828125,200.0,82382.8,20594.6,100,1,,True,arm64,8,3204,16.0,Darwin,23.5.0,3.13.4,200,823.784,160.904,2025-06-09T23:36:23.548759,40960000,100,20000
0,5000,2048.0,145.016,1348.69,525.305,async,cpp,500,4,50,100,2,385.52,16.0,,0.268618106842041,5456.734375,200.0,77104.0,19275.0,100,2,,True,arm64,8,3204,16.0,Darwin,23.5.0,3.13.4,200,771.001,150.594,2025-06-09T23:36:25.163759,40960000,100,20000
0,5000,2048.0,143.101,1252.8,567.561,async,cpp,500,4,50,100,2,384.913,27.2,,0.26775193214416504,5431.03125,200.0,76982.6,19244.6,100,3,,True,arm64,8,3204,16.0,Darwin,23.5.0,3.13.4,200,769.784,150.357,2025-06-09T23:36:26.775102,40960000,100,20000
2,5000,2048.0,229.88,1762.87,398.63,async,rust,500,4,50,100,4,286.19,28.7,,0.6027367115020752,5441.4375,196.0,56093.28,14302.51,100,1,,True,arm64,8,3204,16.0,Darwin,23.5.0,3.13.4,200,572.1,109.56,2025-06-09T23:36:28.387319,40140800,100,19600
4,5000,2048.0,208.38,1601.87,446.31,async,rust,500,4,50,100,4,299.41,14.9,,0.6130850315093994,5425.1015625,192.0,57486.01,14962.88,100,2,,True,arm64,8,3204,16.0,Darwin,23.5.0,3.13.4,200,598.52,112.28,2025-06-09T23:36:29.999327,39321600,100,19200
0,5000,2048.0,226.35,1732.89,517.15,async,rust,500,4,50,100,4,293.77,11.1,,0.6140532493591309,5466.5234375,200.0,58754.0,14681.99,100,3,,True,arm64,8,3204,16.0,Darwin,23.5.0,3.13.4,200,587.28,114.75,2025-06-09T23:36:32.220808,40960000,100,20000
0,5000,2048.0,145.222,1209.2,763.715,threaded,cpp,500,4,50,100,4,383.114,16.0,,0.27184104919433594,5460.28125,200.0,76622.8,19154.8,100,1,,True,arm64,8,3204,16.0,Darwin,23.5.0,3.13.4,200,766.193,149.654,2025-06-09T23:36:34.443750,40960000,100,20000
0,5000,2048.0,141.602,1176.17,725.356,threaded,cpp,500,4,50,100,4,392.725,17.1,,0.26304006576538086,5597.03125,200.0,78545.0,19634.9,100,2,,True,arm64,8,3204,16.0,Darwin,23.5.0,3.13.4,200,785.395,153.408,2025-06-09T23:36:36.057124,40960000,100,20000
0,5000,2048.0,119.304,866.637,81.9354,threaded,cpp,500,4,50,100,4,429.849,32.5,,0.24173402786254883,5496.390625,200.0,85969.7,21490.7,100,3,,True,arm64,8,3204,16.0,Darwin,23.5.0,3.13.4,200,859.627,167.91,2025-06-09T23:36:37.671001,40960000,100,20000
0,5000,2048.0,133.268,1194.75,435.958,async,cpp,500,4,50,100,4,401.048,21.5,,0.2583186626434326,5552.953125,200.0,80209.5,20051.3,100,1,,True,arm64,8,3204,16.0,Darwin,23.5.0,3.13.4,200,802.053,156.659,2025-06-09T23:36:39.285152,40960000,100,20000
0,5000,2048.0,133.475,1152.88,854.077,async,cpp,500,4,50,100,4,403.657,25.6,,0.2553980350494385,5516.984375,200.0,80731.4,20181.5,100,2,,True,arm64,8,3204,16.0,Darwin,23.5.0,3.13.4,200,807.259,157.679,2025-06-09T23:36:40.901249,40960000,100,20000
0,5000,2048.0,152.26,1428.77,224.031,async,cpp,500,4,50,100,4,376.709,15.0,,0.27309679985046387,5514.046875,200.0,75341.8,18834.7,100,3,,True,arm64,8,3204,16.0,Darwin,23.5.0,3.13.4,200,753.386,147.152,2025-06-09T23:36:42.512925,40960000,100,20000
1,5000,2048.0,189.64,1281.21,383.61,async,rust,500,4,50,100,8,330.99,23.5,,0.5585269927978516,5525.015625,198.0,65536.95,16529.67,100,1,,True,arm64,8,3204,16.0,Darwin,23.5.0,3.13.4,200,661.19,128.0,2025-06-09T23:36:44.128282,40550400,100,19800
3,5000,2048.0,188.78,1294.88,437.66,async,rust,500,4,50,100,8,325.64,23.3,,0.5773470401763916,5528.421875,194.0,63173.47,16275.99,100,2,,True,arm64,8,3204,16.0,Darwin,23.5.0,3.13.4,200,651.04,123.39,2025-06-09T23:36:45.740234,39731200,100,19400
2,5000,2048.0,194.21,1303.2,471.76,async,rust,500,4,50,100,8,324.04,20.0,,0.5871071815490723,5522.28125,196.0,63512.0,16195.91,100,3,,True,arm64,8,3204,16.0,Darwin,23.5.0,3.13.4,200,647.84,124.05,2025-06-09T23:36:47.356498,40140800,100,19600
0,5000,2048.0,124.239,975.356,473.404,threaded,cpp,500,4,50,100,8,418.326,21.2,,0.2493429183959961,5525.109375,200.0,83665.2,20915.3,100,1,,True,arm64,8,3204,16.0,Darwin,23.5.0,3.13.4,200,836.614,163.409,2025-06-09T23:36:48.969174,40960000,100,20000
0,5000,2048.0,169.576,1323.11,542.627,threaded,cpp,500,4,50,100,8,353.612,20.3,,0.29246997833251953,5545.0625,200.0,70722.4,17679.9,100,2,,True,arm64,8,3204,16.0,Darwin,23.5.0,3.13.4,200,707.196,138.13,2025-06-09T23:36:50.583542,40960000,100,20000
0,5000,2048.0,129.117,1026.87,192.893,threaded,cpp,500,4,50,100,8,413.382,12.2,,0.24982118606567383,5525.515625,200.0,82676.4,20668.2,100,3,,True,arm64,8,3204,16.0,Darwin,23.5.0,3.13.4,200,826.726,161.477,2025-06-09T23:36:52.199042,40960000,100,20000
0,5000,2048.0,143.741,1320.2,524.76,async,cpp,500,4,50,100,8,392.195,16.0,,0.26415586471557617,5543.15625,200.0,78439.1,19608.8,100,1,,True,arm64,8,3204,16.0,Darwin,23.5.0,3.13.4,200,784.351,153.201,2025-06-09T23:36:53.810057,40960000,100,20000
0,5000,2048.0,131.317,1163.67,570.215,async,cpp,500,4,50,100,8,402.089,15.9,,0.25716090202331543,5545.796875,200.0,80417.9,20103.4,100,2,,True,arm64,8,3204,16.0,Darwin,23.5.0,3.13.4,200,804.136,157.066,2025-06-09T23:36:55.425091,40960000,100,20000
0,5000,2048.0,139.835,1240.84,260.732,async,cpp,500,4,50,100,8,401.336,14.6,,0.25276899337768555,5541.4375,200.0,80267.1,20065.7,100,3,,True,arm64,8,3204,16.0,Darwin,23.5.0,3.13.4,200,802.626,156.772,2025-06-09T23:36:57.030772,40960000,100,20000
33,4975,39.9,77.65,1463.82,2052.13,async,rust,1000,0,25,200,1,949.21,32.5,,0.49086499214172363,5710.4375,20.9,19795.12,23693.31,199,1,,True,arm64,8,3204,16.0,Darwin,23.5.0,3.13.4,400,1904.99,0.75,2025-06-09T23:36:58.644589,165530,199,4150
30,5000,39.9,76.75,1389.56,1899.9,async,rust,1000,0,25,200,1,972.29,59.3,,0.5011322498321533,5751.625,21.2,20661.13,24291.81,200,2,,True,arm64,8,3204,16.0,Darwin,23.5.0,3.13.4,400,1943.35,0.79,2025-06-09T23:37:00.260793,169600,200,4250
97,4575,39.7,40.41,1313.45,2422.28,async,rust,1000,0,25,200,1,894.57,35.7,,0.4567580223083496,5688.671875,11.7,10510.02,22352.97,183,3,,True,arm64,8,3204,16.0,Darwin,23.5.0,3.13.4,400,1954.36,0.4,2025-06-09T23:37:01.875940,85430,183,2150
0,4500,40.2,50.8567,813.708,355.663,threaded,cpp,1000,0,25,200,1,1070.31,38.2,,0.18886780738830566,5691.078125,25.0,26757.7,26756.1,180,1,,True,arm64,8,3204,16.0,Darwin,23.5.0,3.13.4,400,2378.32,1.02583,2025-06-09T23:37:03.492818,180900,180,4500
0,4925,40.1137,61.701,1317.38,615.452,threaded,cpp,1000,0,25,200,1,1087.0,11.4,,0.19248485565185547,5813.125,25.0,27175.1,27173.3,197,2,,True,arm64,8,3204,16.0,Darwin,23.5.0,3.13.4,400,2206.97,1.0396,2025-06-09T23:37:05.113885,197560,197,4925
0,4675,40.1733,49.686,820.216,314.275,threaded,cpp,1000,0,25,200,1,1136.25,16.0,,0.17195701599121094,5748.359375,25.0,28406.3,28404.3,187,3,,True,arm64,8,3204,16.0,Darwin,23.5.0,3.13.4,400,2430.31,1.08831,2025-06-09T23:37:06.730270,187810,187,4675
0,4125,50.303,45.136,694.434,278.609,async,cpp,1000,0,25,200,1,1008.19,18.5,,0.17217206954956055,5738.921875,25.0,25204.7,25202.1,165,1,,True,arm64,8,3204,16.0,Darwin,23.5.0,3.13.4,400,2443.84,1.20914,2025-06-09T23:37:08.347032,207500,165,4125
0,4650,50.1785,52.3727,984.87,318.428,async,cpp,1000,0,25,200,1,1098.48,16.7,,0.17822885513305664,5768.390625,25.0,27462.0,27459.7,186,2,,True,arm64,8,3204,16.0,Darwin,23.5.0,3.13.4,400,2362.13,1.31416,2025-06-09T23:37:09.959623,233330,186,4650
0,4750,50.1474,48.8704,849.942,495.404,async,cpp,1000,0,25,200,1,1124.47,12.5,,0.17992520332336426,5750.125,25.0,28111.8,28109.3,190,3,,True,arm64,8,3204,16.0,Darwin,23.5.0,3.13.4,400,2367.1,1.34443,2025-06-09T23:37:11.565719,238200,190,4750
3,3475,40.2,74.5,1027.13,999.93,async,rust,1000,0,25,200,2,711.67,23.4,,0.45656299591064453,5759.015625,24.5,17407.81,17780.57,139,1,,True,arm64,8,3204,16.0,Darwin,23.5.0,3.13.4,400,2046.68,0.67,2025-06-09T23:37:13.177923,136580,139,3400
24,3425,40.3,60.63,1008.82,946.46,async,rust,1000,0,25,200,2,723.14,27.8,,0.42902612686157227,5836.15625,20.6,14911.53,18064.38,137,2,,True,arm64,8,3204,16.0,Darwin,23.5.0,3.13.4,400,2109.71,0.57,2025-06-09T23:37:14.785947,113740,137,2825
0,3500,40.5,77.01,1004.0,1712.71,async,rust,1000,0,25,200,2,699.54,20.7,,0.4791111946105957,5600.875,25.0,17488.43,17478.89,140,3,,True,arm64,8,3204,16.0,Darwin,23.5.0,3.13.4,400,1997.59,0.68,2025-06-09T23:37:16.402289,141900,140,3500
0,5000,40.1,64.0878,1354.69,619.765,threaded,cpp,1000,0,25,200,2,1064.84,15.7,,0.1996910572052002,5635.703125,25.0,26620.9,26619.4,200,1,,True,arm64,8,3204,16.0,Darwin,23.5.0,3.13.4,400,2129.55,1.01805,2025-06-09T23:37:18.018925,200500,200,5000
0,3375,40.5778,40.1874,436.167,50.7728,threaded,cpp,1000,0,25,200,2,871.648,20.5,,0.1643822193145752,5626.40625,25.0,21791.2,21788.4,135,2,,True,arm64,8,3204,16.0,Darwin,23.5.0,3.13.4,400,2582.33,0.843276,2025-06-09T23:37:19.634042,136950,135,3375
0,4125,40.303,50.5994,904.308,400.448,threaded,cpp,1000,0,25,200,2,960.05,7.1,,0.18107390403747559,5600.0,25.0,24001.3,23999.4,165,3,,True,arm64,8,3204,16.0,Darwin,23.5.0,3.13.4,400,2327.22,0.922511,2025-06-09T23:37:21.244766,166250,165,4125
0,5000,50.1,51.3284,959.077,603.535,async,cpp,1000,0,25,200,2,1166.7,9.2,,0.18210506439208984,5600.375,25.0,29167.4,29164.4,200,1,,True,arm64,8,3204,16.0,Darwin,23.5.0,3.13.4,400,2333.15,1.39359,2025-06-09T23:37:22.863863,250500,200,5000
0,4700,50.0404,51.4462,882.131,514.867,async,cpp,1000,0,25,200,2,1109.3,8.6,,0.1783280372619629,5685.484375,25.0,27732.4,27729.4,188,2,,True,arm64,8,3204,16.0,Darwin,23.5.0,3.13.4,400,2359.95,1.32345,2025-06-09T23:37:24.479019,235190,188,4700
0,4550,50.2,49.5034,896.171,607.997,async,cpp,1000,0,25,200,2,1068.06,8.4,,0.1835939884185791,5627.5,25.0,26701.6,26699.4,182,3,,True,arm64,8,3204,16.0,Darwin,23.5.0,3.13.4,400,2347.2,1.27832,2025-06-09T23:37:26.096037,228410,182,4550
0,3300,40.6,71.26,878.0,924.56,async,rust,1000,0,25,200,4,662.53,22.0,,0.49325108528137207,5639.734375,25.0,16563.37,16554.52,132,1,,True,arm64,8,3204,16.0,Darwin,23.5.0,3.13.4,400,2006.61,0.64,2025-06-09T23:37:27.713825,134010,132,3300
0,3300,40.6,78.5,1107.86,852.43,async,rust,1000,0,25,200,4,647.14,66.3,,0.528609037399292,5631.15625,25.0,16178.38,16169.08,132,2,,True,arm64,8,3204,16.0,Darwin,23.5.0,3.13.4,400,1959.89,0.63,2025-06-09T23:37:29.330831,133860,132,3300
0,3350,40.6,77.33,1156.17,946.74,async,rust,1000,0,25,200,4,660.68,39.0,,0.4662661552429199,5682.921875,25.0,16517.1,16508.23,134,3,,True,arm64,8,3204,16.0,Darwin,23.5.0,3.13.4,400,1971.13,0.64,2025-06-09T23:37:30.951633,135920,134,3350
0,4925,40.1137,56.6125,1143.11,554.128,threaded,cpp,1000,0,25,200,4,1110.35,25.3,,0.1878800392150879,5669.34375,25.0,27758.8,27757.1,197,1,,True,arm64,8,3204,16.0,Darwin,23.5.0,3.13.4,400,2254.38,1.06193,2025-06-09T23:37:32.567046,197560,197,4925
0,4700,40.1362,54.0527,1057.75,522.415,threaded,cpp,1000,0,25,200,4,1069.78,11.4,,0.1851048469543457,5674.078125,25.0,26744.5,26742.5,188,2,,True,arm64,8,3204,16.0,Darwin,23.5.0,3.13.4,400,2275.96,1.0237,2025-06-09T23:37:34.185038,188640,188,4700
0,5000,40.1,61.1229,1323.22,568.439,threaded,cpp,1000,0,25,200,4,1088.35,9.6,,0.19718003273010254,5672.28125,25.0,27208.8,27207.3,200,3,,True,arm64,8,3204,16.0,Darwin,23.5.0,3.13.4,400,2176.59,1.04053,2025-06-09T23:37:35.796339,200500,200,5000
0,4675,50.1305,47.9228,838.759,675.725,async,cpp,1000,0,25,200,4,1095.01,15.5,,0.17838597297668457,5720.703125,25.0,27375.4,27373.0,187,1,,True,arm64,8,3204,16.0,Darwin,23.5.0,3.13.4,400,2342.07,1.30877,2025-06-09T23:37:37.412622,234360,187,4675
0,4100,50.322,44.2026,648.732,374.304,async,cpp,1000,0,25,200,4,1005.33,21.5,,0.17130422592163086,5685.90625,25.0,25133.3,25130.2,164,2,,True,arm64,8,3204,16.0,Darwin,23.5.0,3.13.4,400,2451.73,1.20617,2025-06-09T23:37:39.026341,206320,164,4100
0,3250,50.7077,42.1603,559.172,92.4535,async,cpp,1000,0,25,200,4,802.866,14.3,,0.169097900390625,5717.03125,25.0,20071.6,20069.8,130,3,,True,arm64,8,3204,16.0,Darwin,23.5.0,3.13.4,400,2470.13,0.970637,2025-06-09T23:37:40.641345,164800,130,3250
1,3275,40.4,78.22,1124.5,842.75,async,rust,1000,0,25,200,8,652.59,23.5,,0.49185681343078613,5730.140625,24.8,16190.14,16306.04,131,1,,True,arm64,8,3204,16.0,Darwin,23.5.0,3.13.4,400,1991.58,0.62,2025-06-09T23:37:42.259355,131450,131,3250
0,3275,40.5,78.59,1106.78,800.73,async,rust,1000,0,25,200,8,654.87,18.5,,0.4877512454986572,5720.234375,25.0,16371.74,16362.3,131,2,,True,arm64,8,3204,16.0,Darwin,23.5.0,3.13.4,400,1998.45,0.63,2025-06-09T23:37:43.875308,132480,131,3275
0,3250,40.6,78.22,1134.93,810.92,async,rust,1000,0,25,200,8,650.57,16.9,,0.49456000328063965,5732.15625,25.0,16264.14,16253.84,130,3,,True,arm64,8,3204,16.0,Darwin,23.5.0,3.13.4,400,2000.47,0.63,2025-06-09T23:37:45.492912,132100,130,3250
0,4400,40.2227,53.8585,1047.73,534.051,threaded,cpp,1000,0,25,200,8,1011.59,11.4,,0.17843985557556152,5722.46875,25.0,25289.8,25288.1,176,1,,True,arm64,8,3204,16.0,Darwin,23.5.0,3.13.4,400,2298.92,0.970102,2025-06-09T23:37:47.104018,176980,176,4400
0,4075,40.3043,52.3209,967.839,287.812,threaded,cpp,1000,0,25,200,8,937.509,16.9,,0.18388986587524414,5710.34375,25.0,23437.7,23436.0,163,2,,True,arm64,8,3204,16.0,Darwin,23.5.0,3.13.4,400,2300.46,0.90088,2025-06-09T23:37:48.715250,164240,163,4075
0,4725,40.1524,54.9532,1077.08,211.488,threaded,cpp,1000,0,25,200,8,1059.59,8.3,,0.18742012977600098,5738.484375,25.0,26489.7,26487.8,189,3,,True,arm64,8,3204,16.0,Darwin,23.5.0,3.13.4,400,2242.35,1.01435,2025-06-09T23:37:50.325258,189720,189,4725
0,3225,50.7349,39.4069,445.596,20.5354,async,cpp,1000,0,25,200,8,799.465,18.3,,0.17257380485534668,5707.984375,25.0,19986.6,19985.1,129,1,,True,arm64,8,3204,16.0,Darwin,23.5.0,3.13.4,400,2478.78,0.967043,2025-06-09T23:37:51.939092,163620,129,3225
0,4125,50.303,43.4739,623.593,242.004,async,cpp,1000,0,25,200,8,988.646,75.6,,0.1790611743927002,5740.796875,25.0,24716.1,24713.9,165,2,,True,arm64,8,3204,16.0,Darwin,23.5.0,3.13.4,400,2396.5,1.1857,2025-06-09T23:37:53.551132,207500,165,4125
0,5000,50.1,49.9006,892.684,408.29,async,cpp,1000,0,25,200,8,1183.82,12.2,,0.17634296417236328,5749.859375,25.0,29595.6,29591.6,200,3,,True,arm64,8,3204,16.0,Darwin,23.5.0,3.13.4,400,2367.33,1.41405,2025-06-09T23:37:55.165524,250500,200,5000
0,14800,2048.0,2190.65,11696.9,2053.52,async,rust,1000,8,100,150,1,63.34,21.22,,2.5896830558776855,5740.853125,800.0,50675.9,6334.25,148,1,,True,arm64,8,3204,16.0,Darwin,23.5.0,3.13.4,300,128.4,98.98,2025-06-09T23:37:56.780503,242483200,148,118400
0,15000,2048.0,2203.85,12090.16,2006.97,async,rust,1000,8,100,150,1,63.76,26.8,,2.599423885345459,5712.6625,800.0,51008.03,6375.73,150,2,,True,arm64,8,3204,16.0,Darwin,23.5.0,3.13.4,300,127.51,99.63,2025-06-09T23:38:00.826886,245760000,150,120000
0,15000,2048.0,2216.49,12257.65,1624.86,async,rust,1000,8,100,150,1,63.36,23.98,,2.6333229541778564,5725.678125,800.0,50686.34,6335.55,150,3,,True,arm64,8,3204,16.0,Darwin,23.5.0,3.13.4,300,126.71,99.0,2025-06-09T23:38:04.876297,245760000,150,120000
0,15000,2048.0,399.422,1735.19,1096.07,threaded,cpp,1000,8,100,150,1,275.65,13.4,,0.5574820041656494,5767.828125,800.0,220520.0,27564.5,150,1,,True,arm64,8,3204,16.0,Darwin,23.5.0,3.13.4,300,551.289,430.703,2025-06-09T23:38:08.928376,245760000,150,120000
0,15000,2048.0,432.497,2182.49,766.854,threaded,cpp,1000,8,100,150,1,262.835,7.4,,0.580697774887085,5756.296875,800.0,210268.0,26282.6,150,2,,True,arm64,8,3204,16.0,Darwin,23.5.0,3.13.4,300,525.653,410.679,2025-06-09T23:38:10.541863,245760000,150,120000
0,15000,2048.0,440.274,2242.42,1513.25,threaded,cpp,1000,8,100,150,1,260.861,6.0,,0.581467866897583,5751.765625,800.0,208689.0,26085.4,150,3,,True,arm64,8,3204,16.0,Darwin,23.5.0,3.13.4,300,521.708,407.595,2025-06-09T23:38:12.158440,245760000,150,120000
,,,,,,async,cpp,1000,8,100,150,1,,,Process failed with code -13,0.12828493118286133,,,,,,1,,False,arm64,8,3204,16.0,Darwin,23.5.0,3.13.4,,,,2025-06-09T23:38:13.773894,,,
0,14300,2048.0,516.391,3011.74,107.632,async,cpp,1000,8,100,150,1,224.004,32.8,,0.6461141109466553,5731.1484375,800.0,179203.0,22400.0,143,2,,True,arm64,8,3204,16.0,Darwin,23.5.0,3.13.4,300,469.93,350.006,2025-06-09T23:38:15.383272,234291200,143,114400
0,14100,2048.0,517.441,3173.67,989.63,async,cpp,1000,8,100,150,1,210.005,26.65,,0.681210994720459,5697.6015625,800.0,168004.0,20999.9,141,3,,True,arm64,8,3204,16.0,Darwin,23.5.0,3.13.4,300,446.806,328.132,2025-06-09T23:38:17.604935,231014400,141,112800
0,14100,2048.0,1120.8,5116.91,732.01,async,rust,1000,8,100,150,2,111.83,27.633333333333336,,1.5101850032806396,5769.619791666667,800.0,89464.96,11180.26,141,1,,True,arm64,8,3204,16.0,Darwin,23.5.0,3.13.4,300,237.88,174.74,2025-06-09T23:38:19.828113,231014400,141,112800
0,14100,2048.0,1136.89,5252.89,691.13,async,rust,1000,8,100,150,2,110.43,35.699999999999996,,1.4915761947631836,5747.322916666667,800.0,88340.78,11041.75,141,2,,True,arm64,8,3204,16.0,Darwin,23.5.0,3.13.4,300,234.93,172.54,2025-06-09T23:38:22.656346,231014400,141,112800
0,13800,2048.0,1118.33,5164.71,700.98,async,rust,1000,8,100,150,2,110.26,39.1,,1.5087130069732666,5735.296875,800.0,88210.54,11025.53,138,3,,True,arm64,8,3204,16.0,Darwin,23.5.0,3.13.4,300,239.69,172.29,2025-06-09T23:38:25.490321,226099200,138,110400
0,15000,2048.0,397.034,1807.05,877.294,threaded,cpp,1000,8,100,150,2,275.061,15.9,,0.557340145111084,5682.953125,800.0,220049.0,27505.6,150,1,,True,arm64,8,3204,16.0,Darwin,23.5.0,3.13.4,300,550.112,429.782,2025-06-09T23:38:28.317858,245760000,150,120000
0,15000,2048.0,406.214,1891.19,1316.65,threaded,cpp,1000,8,100,150,2,269.515,17.1,,0.566209077835083,5706.203125,800.0,215612.0,26951.1,150,2,,True,arm64,8,3204,16.0,Darwin,23.5.0,3.13.4,300,539.022,421.117,2025-06-09T23:38:29.933496,245760000,150,120000
0,12900,2048.0,376.095,1712.38,67.219,threaded,cpp,1000,8,100,150,2,257.666,18.1,,0.5089023113250732,5807.6875,800.0,206132.0,25766.0,129,3,,True,arm64,8,3204,16.0,Darwin,23.5.0,3.13.4,300,599.21,402.602,2025-06-09T23:38:31.547478,211353600,129,103200
0,13700,2048.0,466.711,2660.3,83.1337,async,cpp,1000,8,100,150,2,226.739,35.6,,0.6117351055145264,5757.984375,800.0,181391.0,22673.4,137,1,,True,arm64,8,3204,16.0,Darwin,23.5.0,3.13.4,300,496.498,354.279,2025-06-09T23:38:33.163816,224460800,137,109600
0,14700,2048.0,491.441,2767.44,1235.65,async,cpp,1000,8,100,150,2,220.511,64.80000000000001,,0.6762549877166748,5738.5,800.0,176409.0,22050.7,147,2,,True,arm64,8,3204,16.0,Darwin,23.5.0,3.13.4,300,450.015,344.549,2025-06-09T23:38:34.782791,240844800,147,117600
0,12900,2048.0,466.789,2722.2,102.645,async,cpp,1000,8,100,150,2,214.751,10.45,,0.6088578701019287,5756.53125,800.0,171800.0,21474.6,129,3,,True,arm64,8,3204,16.0,Darwin,23.5.0,3.13.4,300,499.408,335.548,2025-06-09T23:38:37.012371,211353600,129,103200
0,13300,2048.0,714.48,2934.77,607.32,async,rust,1000,8,100,150,4,157.76,46.349999999999994,,1.0810210704803467,5772.2578125,800.0,126208.32,15774.38,133,1,,True,arm64,8,3204,16.0,Darwin,23.5.0,3.13.4,300,355.81,246.5,2025-06-09T23:38:39.231017,217907200,133,106400
0,13300,2048.0,722.63,2913.48,610.41,async,rust,1000,8,100,150,4,157.11,36.0,,1.1039009094238281,5765.390625,800.0,125689.32,15709.36,133,2,,True,arm64,8,3204,16.0,Darwin,23.5.0,3.13.4,300,354.35,245.49,2025-06-09T23:38:41.454534,217907200,133,106400
0,13200,2048.0,718.99,2850.33,638.53,async,rust,1000,8,100,150,4,156.67,34.9,,1.0817019939422607,5767.90625,800.0,125337.97,15665.46,132,3,,True,arm64,8,3204,16.0,Darwin,23.5.0,3.13.4,300,356.03,244.8,2025-06-09T23:38:43.673289,216268800,132,105600
0,15000,2048.0,386.04,1657.19,501.602,threaded,cpp,1000,8,100,150,4,281.214,15.9,,0.5447678565979004,5788.421875,800.0,224971.0,28120.7,150,1,,True,arm64,8,3204,16.0,Darwin,23.5.0,3.13.4,300,562.415,439.397,2025-06-09T23:38:45.891926,245760000,150,120000
0,15000,2048.0,420.604,1887.73,954.117,threaded,cpp,1000,8,100,150,4,261.656,10.6,,0.5829799175262451,5785.59375,800.0,209325.0,26165.2,150,2,,True,arm64,8,3204,16.0,Darwin,23.5.0,3.13.4,300,523.304,408.837,2025-06-09T23:38:47.506684,245760000,150,120000
0,15000,2048.0,389.239,1701.85,812.79,threaded,cpp,1000,8,100,150,4,281.023,20.7,,0.5462379455566406,5772.9375,800.0,224818.0,28101.8,150,3,,True,arm64,8,3204,16.0,Darwin,23.5.0,3.13.4,300,562.036,439.099,2025-06-09T23:38:49.123269,245760000,150,120000
0,15000,2048.0,634.525,3915.29,1140.25,async,cpp,1000,8,100,150,4,191.565,46.0,,0.7928431034088135,5777.0390625,800.0,153252.0,19156.3,150,1,,True,arm64,8,3204,16.0,Darwin,23.5.0,3.13.4,300,383.126,299.321,2025-06-09T23:38:50.739187,245760000,150,120000
0,15000,2048.0,509.832,3081.74,609.864,async,cpp,1000,8,100,150,4,235.759,18.450000000000003,,0.6454801559448242,5776.5859375,800.0,188607.0,23575.4,150,2,,True,arm64,8,3204,16.0,Darwin,23.5.0,3.13.4,300,471.508,368.374,2025-06-09T23:38:52.959682,245760000,150,120000
0,15000,2048.0,499.756,2900.5,932.779,async,cpp,1000,8,100,150,4,236.957,15.05,,0.6411221027374268,5802.890625,800.0,189566.0,23695.4,150,3,,True,arm64,8,3204,16.0,Darwin,23.5.0,3.13.4,300,473.907,370.246,2025-06-09T23:38:55.181743,245760000,150,120000
4,13000,2048.0,570.86,2445.78,588.72,async,rust,1000,8,100,150,8,183.24,11.3,,0.9546430110931396,5785.171875,775.4,142078.03,18315.01,130,1,,True,arm64,8,3204,16.0,Darwin,23.5.0,3.13.4,300,422.65,277.5,2025-06-09T23:38:57.404377,206438400,130,100800
0,13000,2048.0,637.7,2678.71,485.92,async,rust,1000,8,100,150,8,170.92,58.75,,1.0325920581817627,5883.9921875,800.0,136737.41,17089.1,130,2,,True,arm64,8,3204,16.0,Darwin,23.5.0,3.13.4,300,394.36,267.07,2025-06-09T23:38:59.630715,212992000,130,104000
0,13000,2048.0,570.96,2360.29,469.81,async,rust,1000,8,100,150,8,187.11,52.0,,0.951869010925293,5732.0625,800.0,149691.03,18709.07,130,3,,True,arm64,8,3204,16.0,Darwin,23.5.0,3.13.4,300,431.75,292.37,2025-06-09T23:39:01.852152,212992000,130,104000
0,13900,2048.0,399.028,1841.88,166.61,threaded,cpp,1000,8,100,150,8,260.203,22.4,,0.5465707778930664,5920.875,800.0,208162.0,26019.7,139,1,,True,arm64,8,3204,16.0,Darwin,23.5.0,3.13.4,300,561.576,406.567,2025-06-09T23:39:04.078565,227737600,139,111200
0,15000,2048.0,463.317,2096.52,950.36,threaded,cpp,1000,8,100,150,8,248.33,10.0,,0.6129381656646729,5848.375,800.0,198664.0,24832.5,150,2,,True,arm64,8,3204,16.0,Darwin,23.5.0,3.13.4,300,496.651,388.016,2025-06-09T23:39:05.695862,245760000,150,120000
0,15000,2048.0,415.934,2011.7,892.425,threaded,cpp,1000,8,100,150,8,268.484,15.7,,0.5703129768371582,5729.421875,800.0,214787.0,26847.9,150,3,,True,arm64,8,3204,16.0,Darwin,23.5.0,3.13.4,300,536.959,419.507,2025-06-09T23:39:07.918188,245760000,150,120000
0,15000,2048.0,482.454,2806.53,1105.38,async,cpp,1000,8,100,150,8,245.921,12.45,,0.6182332038879395,5588.828125,800.0,196737.0,24591.7,150,1,,True,arm64,8,3204,16.0,Darwin,23.5.0,3.13.4,300,491.834,384.252,2025-06-09T23:39:09.530355,245760000,150,120000
0,15000,2048.0,489.11,2937.54,925.822,async,cpp,1000,8,100,150,8,241.4,3.2,,0.6345970630645752,5579.8203125,800.0,193120.0,24139.5,150,2,,True,arm64,8,3204,16.0,Darwin,23.5.0,3.13.4,300,482.79,377.187,2025-06-09T23:39:11.756505,245760000,150,120000
0,15000,2048.0,619.25,3528.86,1027.99,async,cpp,1000,8,100,150,8,196.122,10.25,,0.7738990783691406,5797.703125,800.0,156898.0,19611.9,150,3,,True,arm64,8,3204,16.0,Darwin,23.5.0,3.13.4,300,392.239,306.441,2025-06-09T23:39:13.979083,245760000,150,120000
0,1770,39.3,40.88,1691.79,4062.5,async,rust,2000,0,10,500,1,740.3,27.1,,0.6010968685150146,5637.21875,10.0,7403.0,7368.71,176,1,,True,arm64,8,3204,16.0,Darwin,23.5.0,3.13.4,1000,4163.11,0.28,2025-06-09T23:39:16.201377,69640,177,1770
0,2790,39.2,47.44,2580.88,5200.57,async,rust,2000,0,10,500,1,1141.76,25.0,,0.5197811126708984,5664.1875,10.0,11417.6,11412.8,276,2,,True,arm64,8,3204,16.0,Darwin,23.5.0,3.13.4,1000,4090.61,0.43,2025-06-09T23:39:17.814046,109500,279,2790
0,3220,39.4,47.79,2543.84,5737.31,async,rust,2000,0,10,500,1,1344.03,22.9,,0.5329480171203613,5603.28125,10.0,13440.29,13433.84,321,3,,True,arm64,8,3204,16.0,Darwin,23.5.0,3.13.4,1000,4172.0,0.5,2025-06-09T23:39:19.426704,126760,322,3220
0,1680,39.5,29.7986,2125.81,124.65,threaded,cpp,2000,0,10,500,1,732.815,22.0,,0.24062514305114746,5587.359375,10.0,7328.15,7327.57,167,1,,True,arm64,8,3204,16.0,Darwin,23.5.0,3.13.4,1000,4361.65,0.276052,2025-06-09T23:39:21.044076,66360,168,1680
0,1390,39.7554,21.4052,1063.59,55.5215,threaded,cpp,2000,0,10,500,1,618.083,20.7,,0.23550987243652344,5495.15625,10.0,6180.83,6180.41,137,2,,True,arm64,8,3204,16.0,Darwin,23.5.0,3.13.4,1000,4446.34,0.234338,2025-06-09T23:39:22.661361,55260,139,1390
0,2260,39.1239,42.0163,3264.05,299.2,threaded,cpp,2000,0,10,500,1,990.485,40.5,,0.24744510650634766,5561.71875,10.0,9904.85,9904.11,225,3,,True,arm64,8,3204,16.0,Darwin,23.5.0,3.13.4,1000,4382.35,0.369564,2025-06-09T23:39:24.275048,88420,226,2260
0,1750,49.36,27.7676,2035.4,106.465,async,cpp,2000,0,10,500,1,773.067,10.8,,0.23526930809020996,5575.625,10.0,7730.67,7729.92,173,1,,True,arm64,8,3204,16.0,Darwin,23.5.0,3.13.4,1000,4417.1,0.363909,2025-06-09T23:39:25.892386,86380,175,1750
0,2250,49.2178,35.2331,2652.59,236.5,async,cpp,2000,0,10,500,1,1007.36,17.3,,0.23373699188232422,5540.828125,10.0,10073.6,10072.4,222,2,,True,arm64,8,3204,16.0,Darwin,23.5.0,3.13.4,1000,4476.64,0.47283,2025-06-09T23:39:27.505598,110740,225,2250
0,2310,49.1169,35.8619,2801.98,216.398,async,cpp,2000,0,10,500,1,1001.52,14.3,,0.2412431240081787,5548.34375,10.0,10015.2,10014.4,229,3,,True,arm64,8,3204,16.0,Darwin,23.5.0,3.13.4,1000,4335.24,0.469128,2025-06-09T23:39:29.116305,113460,231,2310
0,1590,39.5,33.99,1348.72,4539.51,async,rust,2000,0,10,500,2,681.25,25.0,,0.5273501873016357,5567.4375,10.0,6812.48,6809.24,158,1,,True,arm64,8,3204,16.0,Darwin,23.5.0,3.13.4,1000,4282.54,0.26,2025-06-09T23:39:30.732144,62780,159,1590
0,1660,39.4,33.79,1507.83,4775.54,async,rust,2000,0,10,500,2,686.1,19.5,,0.5613119602203369,5577.03125,10.0,6861.05,6857.56,163,2,,True,arm64,8,3204,16.0,Darwin,23.5.0,3.13.4,1000,4131.06,0.26,2025-06-09T23:39:32.347424,65420,166,1660
0,1640,39.5,33.99,1307.17,3924.04,async,rust,2000,0,10,500,2,684.37,24.7,,0.5500578880310059,5548.1875,10.0,6843.71,6840.49,159,3,,True,arm64,8,3204,16.0,Darwin,23.5.0,3.13.4,1000,4171.03,0.26,2025-06-09T23:39:33.963435,64740,164,1640
0,1730,39.3873,28.409,2087.91,102.756,threaded,cpp,2000,0,10,500,2,757.692,18.6,,0.23859095573425293,5587.25,10.0,7576.92,7576.22,170,1,,True,arm64,8,3204,16.0,Darwin,23.5.0,3.13.4,1000,4379.32,0.284609,2025-06-09T23:39:35.580674,68140,173,1730
0,1840,39.2609,29.8029,2061.77,278.25,threaded,cpp,2000,0,10,500,2,809.613,33.8,,0.23313093185424805,5535.265625,10.0,8096.13,8095.38,181,2,,True,arm64,8,3204,16.0,Darwin,23.5.0,3.13.4,1000,4399.67,0.303136,2025-06-09T23:39:37.192746,72240,184,1840
0,3280,39.4207,27.755,2253.06,98.2291,threaded,cpp,2000,0,10,500,2,1382.36,25.6,,0.24604296684265137,5624.53125,10.0,13823.6,13822.6,264,3,,True,arm64,8,3204,16.0,Darwin,23.5.0,3.13.4,1000,4214.2,0.519691,2025-06-09T23:39:38.807834,129300,328,3280
0,1430,49.6783,17.1356,776.698,73.5996,async,cpp,2000,0,10,500,2,649.389,36.1,,0.22754716873168945,5615.984375,10.0,6493.89,6493.18,140,1,,True,arm64,8,3204,16.0,Darwin,23.5.0,3.13.4,1000,4540.69,0.307661,2025-06-09T23:39:40.426122,71040,143,1430
0,1320,49.8333,17.4366,737.95,23.1679,async,cpp,2000,0,10,500,2,590.081,27.2,,0.23206496238708496,5598.296875,10.0,5900.81,5900.36,131,2,,True,arm64,8,3204,16.0,Darwin,23.5.0,3.13.4,1000,4469.97,0.280435,2025-06-09T23:39:42.039685,65780,132,1320
0,2130,49.277,33.4456,2619.84,271.254,async,cpp,2000,0,10,500,2,915.161,14.8,,0.24224209785461426,5579.359375,10.0,9151.61,9150.74,212,3,,True,arm64,8,3204,16.0,Darwin,23.5.0,3.13.4,1000,4296.12,0.430073,2025-06-09T23:39:43.655035,104960,213,2130
0,1420,39.6,29.71,1256.06,2028.97,async,rust,2000,0,10,500,4,617.38,47.2,,0.5377190113067627,5588.984375,10.0,6173.8,6170.31,141,1,,True,arm64,8,3204,16.0,Darwin,23.5.0,3.13.4,1000,4345.29,0.23,2025-06-09T23:39:45.270121,56280,142,1420
0,1400,39.7,31.29,923.88,1654.7,async,rust,2000,0,10,500,4,609.08,26.8,,0.5338289737701416,5585.328125,10.0,6090.77,6087.46,135,2,,True,arm64,8,3204,16.0,Darwin,23.5.0,3.13.4,1000,4348.18,0.23,2025-06-09T23:39:46.886303,55620,140,1400
0,1370,39.6,30.51,1220.11,2160.22,async,rust,2000,0,10,500,4,795.89,18.5,,0.4622201919555664,5560.609375,10.0,7958.93,7953.99,137,3,,True,arm64,8,3204,16.0,Darwin,23.5.0,3.13.4,1000,5805.83,0.3,2025-06-09T23:39:48.503131,54320,137,1370
0,1800,39.3333,31.0096,2323.12,211.086,threaded,cpp,2000,0,10,500,4,782.415,14.8,,0.2401108741760254,5572.03125,10.0,7824.15,7823.54,175,1,,True,arm64,8,3204,16.0,Darwin,23.5.0,3.13.4,1000,4346.41,0.293493,2025-06-09T23:39:50.118192,70800,180,1800
0,2080,39.1442,37.9716,3033.68,91.7361,threaded,cpp,2000,0,10,500,4,884.436,15.7,,0.24309682846069336,5571.578125,10.0,8844.36,8843.88,207,2,,True,arm64,8,3204,16.0,Darwin,23.5.0,3.13.4,1000,4251.86,0.330168,2025-06-09T23:39:51.729832,81420,208,2080
0,2210,39.1312,26.7612,1909.66,224.936,threaded,cpp,2000,0,10,500,4,960.039,35.1,,0.2420787811279297,5590.59375,10.0,9600.39,9599.35,220,3,,True,arm64,8,3204,16.0,Darwin,23.5.0,3.13.4,1000,4343.6,0.358272,2025-06-09T23:39:53.347737,86480,221,2210
0,1430,49.7203,19.8642,1205.73,25.251,async,cpp,2000,0,10,500,4,634.158,18.8,,0.23493623733520508,5600.703125,10.0,6341.58,6340.73,135,1,,True,arm64,8,3204,16.0,Darwin,23.5.0,3.13.4,1000,4434.08,0.300698,2025-06-09T23:39:54.957184,71100,143,1430
0,1880,49.266,30.3119,2208.99,365.389,async,cpp,2000,0,10,500,4,810.275,16.7,,0.2416849136352539,5615.3125,10.0,8102.75,8101.91,186,2,,True,arm64,8,3204,16.0,Darwin,23.5.0,3.13.4,1000,4309.53,0.380697,2025-06-09T23:39:56.573528,92620,188,1880
0,2200,49.1727,33.7169,2577.95,198.528,async,cpp,2000,0,10,500,4,940.742,12.0,,0.24437308311462402,5605.296875,10.0,9407.42,9406.41,215,3,,True,arm64,8,3204,16.0,Darwin,23.5.0,3.13.4,1000,4275.64,0.441159,2025-06-09T23:39:58.189855,108180,220,2200
0,1410,39.7,32.54,898.5,2099.75,async,rust,2000,0,10,500,8,605.73,21.2,,0.5199806690216064,5595.484375,10.0,6057.34,6054.35,139,1,,True,arm64,8,3204,16.0,Darwin,23.5.0,3.13.4,1000,4293.87,0.23,2025-06-09T23:39:59.801892,56000,141,1410
0,1550,39.5,39.67,1796.23,2500.14,async,rust,2000,0,10,500,8,665.18,31.6,,0.4832942485809326,5583.03125,10.0,6651.76,6647.93,152,2,,True,arm64,8,3204,16.0,Darwin,23.5.0,3.13.4,1000,4288.99,0.25,2025-06-09T23:40:01.418733,61220,155,1550
0,1360,39.8,33.94,1393.51,2011.69,async,rust,2000,0,10,500,8,582.45,36.5,,0.5608289241790771,5680.046875,10.0,5824.5,5821.34,135,3,,True,arm64,8,3204,16.0,Darwin,23.5.0,3.13.4,1000,4280.4,0.22,2025-06-09T23:40:03.031948,54080,136,1360
0,2430,39.2016,39.707,3303.65,197.586,threaded,cpp,2000,0,10,500,8,1008.44,11.4,,0.25343799591064453,5583.734375,10.0,10084.4,10083.6,241,1,,True,arm64,8,3204,16.0,Darwin,23.5.0,3.13.4,1000,4149.62,0.377012,2025-06-09T23:40:04.648744,95260,243,2430
0,1920,39.2396,32.6981,2548.24,318.522,threaded,cpp,2000,0,10,500,8,826.962,11.1,,0.24327826499938965,5570.15625,10.0,8269.62,8268.98,191,2,,True,arm64,8,3204,16.0,Darwin,23.5.0,3.13.4,1000,4306.76,0.309464,2025-06-09T23:40:06.265514,75340,192,1920
0,1880,39.2766,31.4287,2484.9,196.437,threaded,cpp,2000,0,10,500,8,803.697,16.7,,0.24522709846496582,5530.40625,10.0,8036.97,8036.25,186,3,,True,arm64,8,3204,16.0,Darwin,23.5.0,3.13.4,1000,4274.6,0.301041,2025-06-09T23:40:07.883098,73840,188,1880
0,1900,49.2316,29.174,2155.71,150.5,async,cpp,2000,0,10,500,8,835.889,12.3,,0.2366187572479248,5547.109375,10.0,8358.89,8358.08,187,1,,True,arm64,8,3204,16.0,Darwin,23.5.0,3.13.4,1000,4398.99,0.392457,2025-06-09T23:40:09.501088,93540,190,1900
0,1940,49.2268,31.2374,2328.82,137.004,async,cpp,2000,0,10,500,8,833.48,3.7,,0.24501490592956543,5542.09375,10.0,8334.8,8333.98,191,2,,True,arm64,8,3204,16.0,Darwin,23.5.0,3.13.4,1000,4295.86,0.391288,2025-06-09T23:40:11.115508,95500,194,1940
0,2230,49.2735,36.5977,2896.66,494.918,async,cpp,2000,0,10,500,8,1263.66,15.0,,0.18881011009216309,5560.75,10.0,12636.6,12635.3,223,3,,True,arm64,8,3204,16.0,Darwin,23.5.0,3.13.4,1000,5666.08,0.593804,2025-06-09T23:40:12.734830,109880,223,2230
2,20000,2048.0,5682.56,15317.92,1526.75,async,rust,1000,16,200,100,1,16.78,21.127272727272725,,6.233768939971924,5566.066761363636,3136.0,52635.47,3356.78,100,1,,True,arm64,8,3204,16.0,Darwin,23.5.0,3.13.4,200,33.57,102.8,2025-06-09T23:40:14.346649,642252800,100,313600
0,20000,2048.0,5882.81,15540.54,1984.2,async,rust,1000,16,200,100,1,16.55,22.07272727272727,,6.267222166061401,5553.426136363636,3200.0,52944.01,3308.94,100,2,,True,arm64,8,3204,16.0,Darwin,23.5.0,3.13.4,200,33.09,103.41,2025-06-09T23:40:22.063146,655360000,100,320000
1,20000,2048.0,5777.78,15432.66,1496.29,async,rust,1000,16,200,100,1,16.65,19.863636363636363,,6.227771282196045,5586.528409090909,3168.0,52753.45,3330.34,100,3,,True,arm64,8,3204,16.0,Darwin,23.5.0,3.13.4,200,33.3,103.03,2025-06-09T23:40:29.774514,648806400,100,316800
0,20000,2048.0,837.739,1611.73,55.1621,threaded,cpp,1000,16,200,100,1,99.389,59.75,,1.0171122550964355,5608.8203125,3200.0,318045.0,19877.6,100,1,,True,arm64,8,3204,16.0,Darwin,23.5.0,3.13.4,200,198.776,621.181,2025-06-09T23:40:37.481962,655360000,100,320000
0,20000,2048.0,884.84,1850.32,629.346,threaded,cpp,1000,16,200,100,1,97.4701,49.7,,1.036175012588501,5626.265625,3200.0,311904.0,19493.8,100,2,,True,arm64,8,3204,16.0,Darwin,23.5.0,3.13.4,200,194.938,609.188,2025-06-09T23:40:39.707424,655360000,100,320000
0,20000,2048.0,962.617,2248.46,630.869,threaded,cpp,1000,16,200,100,1,89.333,44.849999999999994,,1.1287291049957275,5636.078125,3200.0,285866.0,17866.4,100,3,,True,arm64,8,3204,16.0,Darwin,23.5.0,3.13.4,200,178.664,558.331,2025-06-09T23:40:41.927155,655360000,100,320000
0,20000,2048.0,1243.99,3941.95,837.51,async,cpp,1000,16,200,100,1,72.3717,31.400000000000002,,1.3930912017822266,5612.692708333333,3200.0,231590.0,14474.2,100,1,,True,arm64,8,3204,16.0,Darwin,23.5.0,3.13.4,200,144.742,452.323,2025-06-09T23:40:44.150208,655360000,100,320000
0,20000,2048.0,1264.92,3931.79,885.004,async,cpp,1000,16,200,100,1,71.974,31.53333333333333,,1.399183988571167,5625.947916666667,3200.0,230317.0,14394.7,100,2,,True,arm64,8,3204,16.0,Darwin,23.5.0,3.13.4,200,143.947,449.838,2025-06-09T23:40:46.980076,655360000,100,320000
0,20000,2048.0,1086.64,3127.9,1254.05,async,cpp,1000,16,200,100,1,81.0977,39.56666666666666,,1.2413861751556396,5627.859375,3200.0,259513.0,16219.4,100,3,,True,arm64,8,3204,16.0,Darwin,23.5.0,3.13.4,200,162.194,506.861,2025-06-09T23:40:49.809391,655360000,100,320000
0,20000,2048.0,3083.56,7688.08,578.34,async,rust,1000,16,200,100,2,30.87,28.15,,3.4838340282440186,5623.106770833333,3200.0,98797.86,6174.7,100,1,,True,arm64,8,3204,16.0,Darwin,23.5.0,3.13.4,200,61.75,192.96,2025-06-09T23:40:52.638532,655360000,100,320000
0,20000,2048.0,3013.59,7578.25,389.28,async,rust,1000,16,200,100,2,31.7,29.35,,3.4224250316619873,5670.296875,3200.0,101432.98,6339.36,100,2,,True,arm64,8,3204,16.0,Darwin,23.5.0,3.13.4,200,63.39,198.11,2025-06-09T23:40:57.295163,655360000,100,320000
0,20000,2048.0,3056.06,7625.97,677.87,async,rust,1000,16,200,100,2,31.27,29.833333333333336,,3.4664180278778076,5680.5546875,3200.0,100073.62,6254.4,100,3,,True,arm64,8,3204,16.0,Darwin,23.5.0,3.13.4,200,62.54,195.46,2025-06-09T23:41:01.950133,655360000,100,320000
0,20000,2047.99,837.095,1654.28,1442.85,threaded,cpp,1000,16,200,100,2,99.1073,51.300000000000004,,1.021178960800171,5714.84375,3200.01,317144.0,19821.3,100,1,,True,arm64,8,3204,16.0,Darwin,23.5.0,3.13.4,200,198.213,619.421,2025-06-09T23:41:06.604983,655360000,100,320001
0,20000,2048.0,820.651,1501.78,1486.61,threaded,cpp,1000,16,200,100,2,100.696,52.85,,1.005383014678955,5673.2890625,3200.0,322228.0,20139.0,100,2,,True,arm64,8,3204,16.0,Darwin,23.5.0,3.13.4,200,201.39,629.351,2025-06-09T23:41:08.823556,655360000,100,320000
0,20000,2048.0,841.278,1573.39,1101.42,threaded,cpp,1000,16,200,100,2,100.33,57.0,,1.0056970119476318,5666.7734375,3200.0,321057.0,20065.6,100,3,,True,arm64,8,3204,16.0,Darwin,23.5.0,3.13.4,200,200.656,627.064,2025-06-09T23:41:11.043980,655360000,100,320000
0,20000,2048.0,1342.24,4354.19,1249.45,async,cpp,1000,16,200,100,2,67.7326,58.66666666666667,,1.487640619277954,5683.640625,3200.0,216744.0,13546.4,100,1,,True,arm64,8,3204,16.0,Darwin,23.5.0,3.13.4,200,135.464,423.328,2025-06-09T23:41:13.271467,655360000,100,320000
0,20000,2048.0,1346.07,4466.86,1265.3,async,cpp,1000,16,200,100,2,67.9688,51.56666666666666,,1.4806568622589111,5687.984375,3200.0,217500.0,13593.7,100,2,,True,arm64,8,3204,16.0,Darwin,23.5.0,3.13.4,200,135.937,424.805,2025-06-09T23:41:16.097521,655360000,100,320000
0,20000,2048.0,1027.44,2859.26,1032.27,async,cpp,1000,16,200,100,2,85.9178,49.9,,1.1701371669769287,5684.03125,3200.0,274937.0,17183.4,100,3,,True,arm64,8,3204,16.0,Darwin,23.5.0,3.13.4,200,171.834,536.986,2025-06-09T23:41:18.934241,655360000,100,320000
0,20000,2048.0,1978.29,4371.49,409.6,async,rust,1000,16,200,100,4,47.49,32.35,,2.373677968978882,5680.77734375,3200.0,151976.98,9497.42,100,1,,True,arm64,8,3204,16.0,Darwin,23.5.0,3.13.4,200,94.97,296.83,2025-06-09T23:41:21.157823,655360000,100,320000
0,20000,2048.0,1970.55,4358.82,403.7,async,rust,1000,16,200,100,4,47.64,45.6,,2.364604949951172,5626.36328125,3200.0,152454.01,9527.9,100,2,,True,arm64,8,3204,16.0,Darwin,23.5.0,3.13.4,200,95.28,297.76,2025-06-09T23:41:24.593384,655360000,100,320000
0,20000,2048.0,1865.26,4097.04,440.47,async,rust,1000,16,200,100,4,50.05,40.35,,2.26456880569458,5652.66796875,3200.0,160147.35,10008.64,100,3,,True,arm64,8,3204,16.0,Darwin,23.5.0,3.13.4,200,100.09,312.79,2025-06-09T23:41:28.034387,655360000,100,320000
0,20000,2048.0,793.278,1393.37,976.923,threaded,cpp,1000,16,200,100,4,103.592,51.85,,0.9794571399688721,5643.0,3200.0,331495.0,20718.1,100,1,,True,arm64,8,3204,16.0,Darwin,23.5.0,3.13.4,200,207.181,647.452,2025-06-09T23:41:31.475729,655360000,100,320000
0,20000,2048.0,812.366,1491.81,996.485,threaded,cpp,1000,16,200,100,4,102.705,64.6,,0.9830498695373535,5661.1953125,3200.0,328655.0,20540.7,100,2,,True,arm64,8,3204,16.0,Darwin,23.5.0,3.13.4,200,205.407,641.904,2025-06-09T23:41:33.692613,655360000,100,320000
0,20000,2047.99,938.855,2154.24,26.3473,threaded,cpp,1000,16,200,100,4,92.0156,57.099999999999994,,1.0971856117248535,5637.2578125,3200.01,294451.0,18403.0,100,3,,True,arm64,8,3204,16.0,Darwin,23.5.0,3.13.4,200,184.03,575.098,2025-06-09T23:41:35.912902,655360000,100,320001
0,20000,2048.0,1275.11,4124.88,632.794,async,cpp,1000,16,200,100,4,69.5119,57.5,,1.4447219371795654,5637.40625,3200.0,222438.0,13902.2,100,1,,True,arm64,8,3204,16.0,Darwin,23.5.0,3.13.4,200,139.022,434.45,2025-06-09T23:41:38.137425,655360000,100,320000
0,20000,2048.0,1237.47,3818.05,968.917,async,cpp,1000,16,200,100,4,71.2794,58.63333333333333,,1.4141120910644531,5636.958333333333,3200.0,228094.0,14255.7,100,2,,True,arm64,8,3204,16.0,Darwin,23.5.0,3.13.4,200,142.557,445.497,2025-06-09T23:41:40.970537,655360000,100,320000
0,20000,2048.0,1084.73,3180.63,1114.96,async,cpp,1000,16,200,100,4,80.5639,37.2,,1.2516770362854004,5641.348958333333,3200.0,257804.0,16112.6,100,3,,True,arm64,8,3204,16.0,Darwin,23.5.0,3.13.4,200,161.126,503.524,2025-06-09T23:41:43.797494,655360000,100,320000
0,20000,2048.0,1422.02,3161.85,384.15,async,rust,1000,16,200,100,8,64.63,60.6,,1.7920410633087158,5656.395833333333,3200.0,206829.29,12926.16,100,1,,True,arm64,8,3204,16.0,Darwin,23.5.0,3.13.4,200,129.26,403.96,2025-06-09T23:41:46.628950,655360000,100,320000
0,20000,2048.0,1482.45,3293.52,373.89,async,rust,1000,16,200,100,8,62.49,22.875,,1.8647959232330322,5642.73828125,3200.0,199977.28,12497.77,100,2,,True,arm64,8,3204,16.0,Darwin,23.5.0,3.13.4,200,124.98,390.58,2025-06-09T23:41:49.462735,655360000,100,320000
0,20000,2048.0,1470.61,3256.9,367.66,async,rust,1000,16,200,100,8,62.77,47.5,,1.8578259944915771,5647.58203125,3200.0,200875.93,12553.98,100,3,,True,arm64,8,3204,16.0,Darwin,23.5.0,3.13.4,200,125.54,392.34,2025-06-09T23:41:52.906502,655360000,100,320000
0,20000,2048.0,904.925,1948.23,844.02,threaded,cpp,1000,16,200,100,8,94.7208,53.199999999999996,,1.0669829845428467,5664.453125,3200.0,303107.0,18943.8,100,1,,True,arm64,8,3204,16.0,Darwin,23.5.0,3.13.4,200,189.438,592.005,2025-06-09T23:41:56.353133,655360000,100,320000
0,20000,2048.0,886.731,1854.17,892.037,threaded,cpp,1000,16,200,100,8,93.837,57.3,,1.0759632587432861,5663.5625,3200.0,300278.0,18767.1,100,2,,True,arm64,8,3204,16.0,Darwin,23.5.0,3.13.4,200,187.671,586.481,2025-06-09T23:41:58.578059,655360000,100,320000
0,20000,2048.0,891.568,1925.82,1053.18,threaded,cpp,1000,16,200,100,8,93.3723,47.3,,1.0813839435577393,5710.5625,3200.0,298791.0,18674.2,100,3,,True,arm64,8,3204,16.0,Darwin,23.5.0,3.13.4,200,186.742,583.577,2025-06-09T23:42:00.800147,655360000,100,320000
0,20000,2048.0,1224.08,3734.97,990.842,async,cpp,1000,16,200,100,8,73.3521,59.833333333333336,,1.3742327690124512,5644.651041666667,3200.0,234727.0,14670.3,100,1,,True,arm64,8,3204,16.0,Darwin,23.5.0,3.13.4,200,146.703,458.451,2025-06-09T23:42:03.021479,655360000,100,320000
0,20000,2048.0,1353.59,4396.02,715.977,async,cpp,1000,16,200,100,8,67.5629,55.06666666666667,,1.4895730018615723,5665.369791666667,3200.0,216201.0,13512.5,100,2,,True,arm64,8,3204,16.0,Darwin,23.5.0,3.13.4,200,135.125,422.268,2025-06-09T23:42:05.855328,655360000,100,320000
0,20000,2048.0,1188.82,3697.35,728.836,async,cpp,1000,16,200,100,8,75.509,31.96666666666667,,1.3347482681274414,5598.005208333333,3200.0,241629.0,15101.7,100,3,,True,arm64,8,3204,16.0,Darwin,23.5.0,3.13.4,200,151.017,471.931,2025-06-09T23:42:08.675771,655360000,100,320000
